fips,state,state_code
1001,AL,1
1003,AL,1
1005,AL,1
1007,AL,1
1009,AL,1
1011,AL,1
1013,AL,1
1015,AL,1
1017,AL,1
1019,AL,1
1021,AL,1
1023,AL,1
1025,AL,1
1027,AL,1
1029,AL,1
1031,AL,1
1033,AL,1
1035,AL,1
1037,AL,1
1039,AL,1
1041,AL,1
1043,AL,1
1045,AL,1
1047,AL,1
1049,AL,1
1051,AL,1
1053,AL,1
1055,AL,1
1057,AL,1
1059,AL,1
1061,AL,1
1063,AL,1
1065,AL,1
1067,AL,1
1069,AL,1
1071,AL,1
1073,AL,1
1075,AL,1
1077,AL,1
1079,AL,1
1081,AL,1
1083,AL,1
1085,AL,1
1087,AL,1
1089,AL,1
1091,AL,1
1093,AL,1
1095,AL,1
1097,AL,1
1099,AL,1
1101,AL,1
1103,AL,1
1105,AL,1
1107,AL,1
1109,AL,1
1111,AL,1
1113,AL,1
1115,AL,1
1117,AL,1
1119,AL,1
1121,AL,1
1123,AL,1
1125,AL,1
1127,AL,1
1129,AL,1
1131,AL,1
1133,AL,1
2013,AK,2
2016,AK,2
2020,AK,2
2050,AK,2
2060,AK,2
2068,AK,2
2070,AK,2
2090,AK,2
2100,AK,2
2105,AK,2
2110,AK,2
2122,AK,2
2130,AK,2
2150,AK,2
2158,AK,2
2164,AK,2
2170,AK,2
2180,AK,2
2185,AK,2
2188,AK,2
2195,AK,2
2198,AK,2
2220,AK,2
2230,AK,2
2240,AK,2
2261,AK,2
2270,AK,2
2275,AK,2
2282,AK,2
2290,AK,2
4001,AZ,4
4003,AZ,4
4005,AZ,4
4007,AZ,4
4009,AZ,4
4011,AZ,4
4012,AZ,4
4013,AZ,4
4015,AZ,4
4017,AZ,4
4019,AZ,4
4021,AZ,4
4023,AZ,4
4025,AZ,4
4027,AZ,4
5001,AR,5
5003,AR,5
5005,AR,5
5007,AR,5
5009,AR,5
5011,AR,5
5013,AR,5
5015,AR,5
5017,AR,5
5019,AR,5
5021,AR,5
5023,AR,5
5025,AR,5
5027,AR,5
5029,AR,5
5031,AR,5
5033,AR,5
5035,AR,5
5037,AR,5
5039,AR,5
5041,AR,5
5043,AR,5
5045,AR,5
5047,AR,5
5049,AR,5
5051,AR,5
5053,AR,5
5055,AR,5
5057,AR,5
5059,AR,5
5061,AR,5
5063,AR,5
5065,AR,5
5067,AR,5
5069,AR,5
5071,AR,5
5073,AR,5
5075,AR,5
5077,AR,5
5079,AR,5
5081,AR,5
5083,AR,5
5085,AR,5
5087,AR,5
5089,AR,5
5091,AR,5
5093,AR,5
5095,AR,5
5097,AR,5
5099,AR,5
5101,AR,5
5103,AR,5
5105,AR,5
5107,AR,5
5109,AR,5
5111,AR,5
5113,AR,5
5115,AR,5
5117,AR,5
5119,AR,5
5121,AR,5
5123,AR,5
5125,AR,5
5127,AR,5
5129,AR,5
5131,AR,5
5133,AR,5
5135,AR,5
5137,AR,5
5139,AR,5
5141,AR,5
5143,AR,5
5145,AR,5
5147,AR,5
5149,AR,5
6001,CA,6
6003,CA,6
6005,CA,6
6007,CA,6
6009,CA,6
6011,CA,6
6013,CA,6
6015,CA,6
6017,CA,6
6019,CA,6
6021,CA,6
6023,CA,6
6025,CA,6
6027,CA,6
6029,CA,6
6031,CA,6
6033,CA,6
6035,CA,6
6037,CA,6
6039,CA,6
6041,CA,6
6043,CA,6
6045,CA,6
6047,CA,6
6049,CA,6
6051,CA,6
6053,CA,6
6055,CA,6
6057,CA,6
6059,CA,6
6061,CA,6
6063,CA,6
6065,CA,6
6067,CA,6
6069,CA,6
6071,CA,6
6073,CA,6
6075,CA,6
6077,CA,6
6079,CA,6
6081,CA,6
6083,CA,6
6085,CA,6
6087,CA,6
6089,CA,6
6091,CA,6
6093,CA,6
6095,CA,6
6097,CA,6
6099,CA,6
6101,CA,6
6103,CA,6
6105,CA,6
6107,CA,6
6109,CA,6
6111,CA,6
6113,CA,6
6115,CA,6
8001,CO,8
8003,CO,8
8005,CO,8
8007,CO,8
8009,CO,8
8011,CO,8
8013,CO,8
8014,CO,8
8015,CO,8
8017,CO,8
8019,CO,8
8021,CO,8
8023,CO,8
8025,CO,8
8027,CO,8
8029,CO,8
8031,CO,8
8033,CO,8
8035,CO,8
8037,CO,8
8039,CO,8
8041,CO,8
8043,CO,8
8045,CO,8
8047,CO,8
8049,CO,8
8051,CO,8
8053,CO,8
8055,CO,8
8057,CO,8
8059,CO,8
8061,CO,8
8063,CO,8
8065,CO,8
8067,CO,8
8069,CO,8
8071,CO,8
8073,CO,8
8075,CO,8
8077,CO,8
8079,CO,8
8081,CO,8
8083,CO,8
8085,CO,8
8087,CO,8
8089,CO,8
8091,CO,8
8093,CO,8
8095,CO,8
8097,CO,8
8099,CO,8
8101,CO,8
8103,CO,8
8105,CO,8
8107,CO,8
8109,CO,8
8111,CO,8
8113,CO,8
8115,CO,8
8117,CO,8
8119,CO,8
8121,CO,8
8123,CO,8
8125,CO,8
9001,CT,9
9003,CT,9
9005,CT,9
9007,CT,9
9009,CT,9
9011,CT,9
9013,CT,9
9015,CT,9
10001,DE,10
10003,DE,10
10005,DE,10
11001,DC,11
12001,FL,12
12003,FL,12
12005,FL,12
12007,FL,12
12009,FL,12
12011,FL,12
12013,FL,12
12015,FL,12
12017,FL,12
12019,FL,12
12021,FL,12
12023,FL,12
12027,FL,12
12029,FL,12
12031,FL,12
12033,FL,12
12035,FL,12
12037,FL,12
12039,FL,12
12041,FL,12
12043,FL,12
12045,FL,12
12047,FL,12
12049,FL,12
12051,FL,12
12053,FL,12
12055,FL,12
12057,FL,12
12059,FL,12
12061,FL,12
12063,FL,12
12065,FL,12
12067,FL,12
12069,FL,12
12071,FL,12
12073,FL,12
12075,FL,12
12077,FL,12
12079,FL,12
12081,FL,12
12083,FL,12
12085,FL,12
12086,FL,12
12087,FL,12
12089,FL,12
12091,FL,12
12093,FL,12
12095,FL,12
12097,FL,12
12099,FL,12
12101,FL,12
12103,FL,12
12105,FL,12
12107,FL,12
12109,FL,12
12111,FL,12
12113,FL,12
12115,FL,12
12117,FL,12
12119,FL,12
12121,FL,12
12123,FL,12
12125,FL,12
12127,FL,12
12129,FL,12
12131,FL,12
12133,FL,12
13001,GA,13
13003,GA,13
13005,GA,13
13007,GA,13
13009,GA,13
13011,GA,13
13013,GA,13
13015,GA,13
13017,GA,13
13019,GA,13
13021,GA,13
13023,GA,13
13025,GA,13
13027,GA,13
13029,GA,13
13031,GA,13
13033,GA,13
13035,GA,13
13037,GA,13
13039,GA,13
13043,GA,13
13045,GA,13
13047,GA,13
13049,GA,13
13051,GA,13
13053,GA,13
13055,GA,13
13057,GA,13
13059,GA,13
13061,GA,13
13063,GA,13
13065,GA,13
13067,GA,13
13069,GA,13
13071,GA,13
13073,GA,13
13075,GA,13
13077,GA,13
13079,GA,13
13081,GA,13
13083,GA,13
13085,GA,13
13087,GA,13
13089,GA,13
13091,GA,13
13093,GA,13
13095,GA,13
13097,GA,13
13099,GA,13
13101,GA,13
13103,GA,13
13105,GA,13
13107,GA,13
13109,GA,13
13111,GA,13
13113,GA,13
13115,GA,13
13117,GA,13
13119,GA,13
13121,GA,13
13123,GA,13
13125,GA,13
13127,GA,13
13129,GA,13
13131,GA,13
13133,GA,13
13135,GA,13
13137,GA,13
13139,GA,13
13141,GA,13
13143,GA,13
13145,GA,13
13147,GA,13
13149,GA,13
13151,GA,13
13153,GA,13
13155,GA,13
13157,GA,13
13159,GA,13
13161,GA,13
13163,GA,13
13165,GA,13
13167,GA,13
13169,GA,13
13171,GA,13
13173,GA,13
13175,GA,13
13177,GA,13
13179,GA,13
13181,GA,13
13183,GA,13
13185,GA,13
13187,GA,13
13189,GA,13
13191,GA,13
13193,GA,13
13195,GA,13
13197,GA,13
13199,GA,13
13201,GA,13
13205,GA,13
13207,GA,13
13209,GA,13
13211,GA,13
13213,GA,13
13215,GA,13
13217,GA,13
13219,GA,13
13221,GA,13
13223,GA,13
13225,GA,13
13227,GA,13
13229,GA,13
13231,GA,13
13233,GA,13
13235,GA,13
13237,GA,13
13239,GA,13
13241,GA,13
13243,GA,13
13245,GA,13
13247,GA,13
13249,GA,13
13251,GA,13
13253,GA,13
13255,GA,13
13257,GA,13
13259,GA,13
13261,GA,13
13263,GA,13
13265,GA,13
13267,GA,13
13269,GA,13
13271,GA,13
13273,GA,13
13275,GA,13
13277,GA,13
13279,GA,13
13281,GA,13
13283,GA,13
13285,GA,13
13287,GA,13
13289,GA,13
13291,GA,13
13293,GA,13
13295,GA,13
13297,GA,13
13299,GA,13
13301,GA,13
13303,GA,13
13305,GA,13
13307,GA,13
13309,GA,13
13311,GA,13
13313,GA,13
13315,GA,13
13317,GA,13
13319,GA,13
13321,GA,13
15001,HI,15
15003,HI,15
15005,HI,15
15007,HI,15
15009,HI,15
16001,ID,16
16003,ID,16
16005,ID,16
16007,ID,16
16009,ID,16
16011,ID,16
16013,ID,16
16015,ID,16
16017,ID,16
16019,ID,16
16021,ID,16
16023,ID,16
16025,ID,16
16027,ID,16
16029,ID,16
16031,ID,16
16033,ID,16
16035,ID,16
16037,ID,16
16039,ID,16
16041,ID,16
16043,ID,16
16045,ID,16
16047,ID,16
16049,ID,16
16051,ID,16
16053,ID,16
16055,ID,16
16057,ID,16
16059,ID,16
16061,ID,16
16063,ID,16
16065,ID,16
16067,ID,16
16069,ID,16
16071,ID,16
16073,ID,16
16075,ID,16
16077,ID,16
16079,ID,16
16081,ID,16
16083,ID,16
16085,ID,16
16087,ID,16
17001,IL,17
17003,IL,17
17005,IL,17
17007,IL,17
17009,IL,17
17011,IL,17
17013,IL,17
17015,IL,17
17017,IL,17
17019,IL,17
17021,IL,17
17023,IL,17
17025,IL,17
17027,IL,17
17029,IL,17
17031,IL,17
17033,IL,17
17035,IL,17
17037,IL,17
17039,IL,17
17041,IL,17
17043,IL,17
17045,IL,17
17047,IL,17
17049,IL,17
17051,IL,17
17053,IL,17
17055,IL,17
17057,IL,17
17059,IL,17
17061,IL,17
17063,IL,17
17065,IL,17
17067,IL,17
17069,IL,17
17071,IL,17
17073,IL,17
17075,IL,17
17077,IL,17
17079,IL,17
17081,IL,17
17083,IL,17
17085,IL,17
17087,IL,17
17089,IL,17
17091,IL,17
17093,IL,17
17095,IL,17
17097,IL,17
17099,IL,17
17101,IL,17
17103,IL,17
17105,IL,17
17107,IL,17
17109,IL,17
17111,IL,17
17113,IL,17
17115,IL,17
17117,IL,17
17119,IL,17
17121,IL,17
17123,IL,17
17125,IL,17
17127,IL,17
17129,IL,17
17131,IL,17
17133,IL,17
17135,IL,17
17137,IL,17
17139,IL,17
17141,IL,17
17143,IL,17
17145,IL,17
17147,IL,17
17149,IL,17
17151,IL,17
17153,IL,17
17155,IL,17
17157,IL,17
17159,IL,17
17161,IL,17
17163,IL,17
17165,IL,17
17167,IL,17
17169,IL,17
17171,IL,17
17173,IL,17
17175,IL,17
17177,IL,17
17179,IL,17
17181,IL,17
17183,IL,17
17185,IL,17
17187,IL,17
17189,IL,17
17191,IL,17
17193,IL,17
17195,IL,17
17197,IL,17
17199,IL,17
17201,IL,17
17203,IL,17
18001,IN,18
18003,IN,18
18005,IN,18
18007,IN,18
18009,IN,18
18011,IN,18
18013,IN,18
18015,IN,18
18017,IN,18
18019,IN,18
18021,IN,18
18023,IN,18
18025,IN,18
18027,IN,18
18029,IN,18
18031,IN,18
18033,IN,18
18035,IN,18
18037,IN,18
18039,IN,18
18041,IN,18
18043,IN,18
18045,IN,18
18047,IN,18
18049,IN,18
18051,IN,18
18053,IN,18
18055,IN,18
18057,IN,18
18059,IN,18
18061,IN,18
18063,IN,18
18065,IN,18
18067,IN,18
18069,IN,18
18071,IN,18
18073,IN,18
18075,IN,18
18077,IN,18
18079,IN,18
18081,IN,18
18083,IN,18
18085,IN,18
18087,IN,18
18089,IN,18
18091,IN,18
18093,IN,18
18095,IN,18
18097,IN,18
18099,IN,18
18101,IN,18
18103,IN,18
18105,IN,18
18107,IN,18
18109,IN,18
18111,IN,18
18113,IN,18
18115,IN,18
18117,IN,18
18119,IN,18
18121,IN,18
18123,IN,18
18125,IN,18
18127,IN,18
18129,IN,18
18131,IN,18
18133,IN,18
18135,IN,18
18137,IN,18
18139,IN,18
18141,IN,18
18143,IN,18
18145,IN,18
18147,IN,18
18149,IN,18
18151,IN,18
18153,IN,18
18155,IN,18
18157,IN,18
18159,IN,18
18161,IN,18
18163,IN,18
18165,IN,18
18167,IN,18
18169,IN,18
18171,IN,18
18173,IN,18
18175,IN,18
18177,IN,18
18179,IN,18
18181,IN,18
18183,IN,18
19001,IA,19
19003,IA,19
19005,IA,19
19007,IA,19
19009,IA,19
19011,IA,19
19013,IA,19
19015,IA,19
19017,IA,19
19019,IA,19
19021,IA,19
19023,IA,19
19025,IA,19
19027,IA,19
19029,IA,19
19031,IA,19
19033,IA,19
19035,IA,19
19037,IA,19
19039,IA,19
19041,IA,19
19043,IA,19
19045,IA,19
19047,IA,19
19049,IA,19
19051,IA,19
19053,IA,19
19055,IA,19
19057,IA,19
19059,IA,19
19061,IA,19
19063,IA,19
19065,IA,19
19067,IA,19
19069,IA,19
19071,IA,19
19073,IA,19
19075,IA,19
19077,IA,19
19079,IA,19
19081,IA,19
19083,IA,19
19085,IA,19
19087,IA,19
19089,IA,19
19091,IA,19
19093,IA,19
19095,IA,19
19097,IA,19
19099,IA,19
19101,IA,19
19103,IA,19
19105,IA,19
19107,IA,19
19109,IA,19
19111,IA,19
19113,IA,19
19115,IA,19
19117,IA,19
19119,IA,19
19121,IA,19
19123,IA,19
19125,IA,19
19127,IA,19
19129,IA,19
19131,IA,19
19133,IA,19
19135,IA,19
19137,IA,19
19139,IA,19
19141,IA,19
19143,IA,19
19145,IA,19
19147,IA,19
19149,IA,19
19151,IA,19
19153,IA,19
19155,IA,19
19157,IA,19
19159,IA,19
19161,IA,19
19163,IA,19
19165,IA,19
19167,IA,19
19169,IA,19
19171,IA,19
19173,IA,19
19175,IA,19
19177,IA,19
19179,IA,19
19181,IA,19
19183,IA,19
19185,IA,19
19187,IA,19
19189,IA,19
19191,IA,19
19193,IA,19
19195,IA,19
19197,IA,19
20001,KS,20
20003,KS,20
20005,KS,20
20007,KS,20
20009,KS,20
20011,KS,20
20013,KS,20
20015,KS,20
20017,KS,20
20019,KS,20
20021,KS,20
20023,KS,20
20025,KS,20
20027,KS,20
20029,KS,20
20031,KS,20
20033,KS,20
20035,KS,20
20037,KS,20
20039,KS,20
20041,KS,20
20043,KS,20
20045,KS,20
20047,KS,20
20049,KS,20
20051,KS,20
20053,KS,20
20055,KS,20
20057,KS,20
20059,KS,20
20061,KS,20
20063,KS,20
20065,KS,20
20067,KS,20
20069,KS,20
20071,KS,20
20073,KS,20
20075,KS,20
20077,KS,20
20079,KS,20
20081,KS,20
20083,KS,20
20085,KS,20
20087,KS,20
20089,KS,20
20091,KS,20
20093,KS,20
20095,KS,20
20097,KS,20
20099,KS,20
20101,KS,20
20103,KS,20
20105,KS,20
20107,KS,20
20109,KS,20
20111,KS,20
20113,KS,20
20115,KS,20
20117,KS,20
20119,KS,20
20121,KS,20
20123,KS,20
20125,KS,20
20127,KS,20
20129,KS,20
20131,KS,20
20133,KS,20
20135,KS,20
20137,KS,20
20139,KS,20
20141,KS,20
20143,KS,20
20145,KS,20
20147,KS,20
20149,KS,20
20151,KS,20
20153,KS,20
20155,KS,20
20157,KS,20
20159,KS,20
20161,KS,20
20163,KS,20
20165,KS,20
20167,KS,20
20169,KS,20
20171,KS,20
20173,KS,20
20175,KS,20
20177,KS,20
20179,KS,20
20181,KS,20
20183,KS,20
20185,KS,20
20187,KS,20
20189,KS,20
20191,KS,20
20193,KS,20
20195,KS,20
20197,KS,20
20199,KS,20
20201,KS,20
20203,KS,20
20205,KS,20
20207,KS,20
20209,KS,20
21001,KY,21
21003,KY,21
21005,KY,21
21007,KY,21
21009,KY,21
21011,KY,21
21013,KY,21
21015,KY,21
21017,KY,21
21019,KY,21
21021,KY,21
21023,KY,21
21025,KY,21
21027,KY,21
21029,KY,21
21031,KY,21
21033,KY,21
21035,KY,21
21037,KY,21
21039,KY,21
21041,KY,21
21043,KY,21
21045,KY,21
21047,KY,21
21049,KY,21
21051,KY,21
21053,KY,21
21055,KY,21
21057,KY,21
21059,KY,21
21061,KY,21
21063,KY,21
21065,KY,21
21067,KY,21
21069,KY,21
21071,KY,21
21073,KY,21
21075,KY,21
21077,KY,21
21079,KY,21
21081,KY,21
21083,KY,21
21085,KY,21
21087,KY,21
21089,KY,21
21091,KY,21
21093,KY,21
21095,KY,21
21097,KY,21
21099,KY,21
21101,KY,21
21103,KY,21
21105,KY,21
21107,KY,21
21109,KY,21
21111,KY,21
21113,KY,21
21115,KY,21
21117,KY,21
21119,KY,21
21121,KY,21
21123,KY,21
21125,KY,21
21127,KY,21
21129,KY,21
21131,KY,21
21133,KY,21
21135,KY,21
21137,KY,21
21139,KY,21
21141,KY,21
21143,KY,21
21145,KY,21
21147,KY,21
21149,KY,21
21151,KY,21
21153,KY,21
21155,KY,21
21157,KY,21
21159,KY,21
21161,KY,21
21163,KY,21
21165,KY,21
21167,KY,21
21169,KY,21
21171,KY,21
21173,KY,21
21175,KY,21
21177,KY,21
21179,KY,21
21181,KY,21
21183,KY,21
21185,KY,21
21187,KY,21
21189,KY,21
21191,KY,21
21193,KY,21
21195,KY,21
21197,KY,21
21199,KY,21
21201,KY,21
21203,KY,21
21205,KY,21
21207,KY,21
21209,KY,21
21211,KY,21
21213,KY,21
21215,KY,21
21217,KY,21
21219,KY,21
21221,KY,21
21223,KY,21
21225,KY,21
21227,KY,21
21229,KY,21
21231,KY,21
21233,KY,21
21235,KY,21
21237,KY,21
21239,KY,21
22001,LA,22
22003,LA,22
22005,LA,22
22007,LA,22
22009,LA,22
22011,LA,22
22013,LA,22
22015,LA,22
22017,LA,22
22019,LA,22
22021,LA,22
22023,LA,22
22025,LA,22
22027,LA,22
22029,LA,22
22031,LA,22
22033,LA,22
22035,LA,22
22037,LA,22
22039,LA,22
22041,LA,22
22043,LA,22
22045,LA,22
22047,LA,22
22049,LA,22
22051,LA,22
22053,LA,22
22055,LA,22
22057,LA,22
22059,LA,22
22061,LA,22
22063,LA,22
22065,LA,22
22067,LA,22
22069,LA,22
22071,LA,22
22073,LA,22
22075,LA,22
22077,LA,22
22079,LA,22
22081,LA,22
22083,LA,22
22085,LA,22
22087,LA,22
22089,LA,22
22091,LA,22
22093,LA,22
22095,LA,22
22097,LA,22
22099,LA,22
22101,LA,22
22103,LA,22
22105,LA,22
22107,LA,22
22109,LA,22
22111,LA,22
22113,LA,22
22115,LA,22
22117,LA,22
22119,LA,22
22121,LA,22
22123,LA,22
22125,LA,22
22127,LA,22
23001,ME,23
23003,ME,23
23005,ME,23
23007,ME,23
23009,ME,23
23011,ME,23
23013,ME,23
23015,ME,23
23017,ME,23
23019,ME,23
23021,ME,23
23023,ME,23
23025,ME,23
23027,ME,23
23029,ME,23
23031,ME,23
24001,MD,24
24003,MD,24
24005,MD,24
24009,MD,24
24011,MD,24
24013,MD,24
24015,MD,24
24017,MD,24
24019,MD,24
24021,MD,24
24023,MD,24
24025,MD,24
24027,MD,24
24029,MD,24
24031,MD,24
24033,MD,24
24035,MD,24
24037,MD,24
24039,MD,24
24041,MD,24
24043,MD,24
24045,MD,24
24047,MD,24
24510,MD,24
25001,MA,25
25003,MA,25
25005,MA,25
25007,MA,25
25009,MA,25
25011,MA,25
25013,MA,25
25015,MA,25
25017,MA,25
25019,MA,25
25021,MA,25
25023,MA,25
25025,MA,25
25027,MA,25
26001,MI,26
26003,MI,26
26005,MI,26
26007,MI,26
26009,MI,26
26011,MI,26
26013,MI,26
26015,MI,26
26017,MI,26
26019,MI,26
26021,MI,26
26023,MI,26
26025,MI,26
26027,MI,26
26029,MI,26
26031,MI,26
26033,MI,26
26035,MI,26
26037,MI,26
26039,MI,26
26041,MI,26
26043,MI,26
26045,MI,26
26047,MI,26
26049,MI,26
26051,MI,26
26053,MI,26
26055,MI,26
26057,MI,26
26059,MI,26
26061,MI,26
26063,MI,26
26065,MI,26
26067,MI,26
26069,MI,26
26071,MI,26
26073,MI,26
26075,MI,26
26077,MI,26
26079,MI,26
26081,MI,26
26083,MI,26
26085,MI,26
26087,MI,26
26089,MI,26
26091,MI,26
26093,MI,26
26095,MI,26
26097,MI,26
26099,MI,26
26101,MI,26
26103,MI,26
26105,MI,26
26107,MI,26
26109,MI,26
26111,MI,26
26113,MI,26
26115,MI,26
26117,MI,26
26119,MI,26
26121,MI,26
26123,MI,26
26125,MI,26
26127,MI,26
26129,MI,26
26131,MI,26
26133,MI,26
26135,MI,26
26137,MI,26
26139,MI,26
26141,MI,26
26143,MI,26
26145,MI,26
26147,MI,26
26149,MI,26
26151,MI,26
26153,MI,26
26155,MI,26
26157,MI,26
26159,MI,26
26161,MI,26
26163,MI,26
26165,MI,26
27001,MN,27
27003,MN,27
27005,MN,27
27007,MN,27
27009,MN,27
27011,MN,27
27013,MN,27
27015,MN,27
27017,MN,27
27019,MN,27
27021,MN,27
27023,MN,27
27025,MN,27
27027,MN,27
27029,MN,27
27031,MN,27
27033,MN,27
27035,MN,27
27037,MN,27
27039,MN,27
27041,MN,27
27043,MN,27
27045,MN,27
27047,MN,27
27049,MN,27
27051,MN,27
27053,MN,27
27055,MN,27
27057,MN,27
27059,MN,27
27061,MN,27
27063,MN,27
27065,MN,27
27067,MN,27
27069,MN,27
27071,MN,27
27073,MN,27
27075,MN,27
27077,MN,27
27079,MN,27
27081,MN,27
27083,MN,27
27085,MN,27
27087,MN,27
27089,MN,27
27091,MN,27
27093,MN,27
27095,MN,27
27097,MN,27
27099,MN,27
27101,MN,27
27103,MN,27
27105,MN,27
27107,MN,27
27109,MN,27
27111,MN,27
27113,MN,27
27115,MN,27
27117,MN,27
27119,MN,27
27121,MN,27
27123,MN,27
27125,MN,27
27127,MN,27
27129,MN,27
27131,MN,27
27133,MN,27
27135,MN,27
27137,MN,27
27139,MN,27
27141,MN,27
27143,MN,27
27145,MN,27
27147,MN,27
27149,MN,27
27151,MN,27
27153,MN,27
27155,MN,27
27157,MN,27
27159,MN,27
27161,MN,27
27163,MN,27
27165,MN,27
27167,MN,27
27169,MN,27
27171,MN,27
27173,MN,27
28001,MS,28
28003,MS,28
28005,MS,28
28007,MS,28
28009,MS,28
28011,MS,28
28013,MS,28
28015,MS,28
28017,MS,28
28019,MS,28
28021,MS,28
28023,MS,28
28025,MS,28
28027,MS,28
28029,MS,28
28031,MS,28
28033,MS,28
28035,MS,28
28037,MS,28
28039,MS,28
28041,MS,28
28043,MS,28
28045,MS,28
28047,MS,28
28049,MS,28
28051,MS,28
28053,MS,28
28055,MS,28
28057,MS,28
28059,MS,28
28061,MS,28
28063,MS,28
28065,MS,28
28067,MS,28
28069,MS,28
28071,MS,28
28073,MS,28
28075,MS,28
28077,MS,28
28079,MS,28
28081,MS,28
28083,MS,28
28085,MS,28
28087,MS,28
28089,MS,28
28091,MS,28
28093,MS,28
28095,MS,28
28097,MS,28
28099,MS,28
28101,MS,28
28103,MS,28
28105,MS,28
28107,MS,28
28109,MS,28
28111,MS,28
28113,MS,28
28115,MS,28
28117,MS,28
28119,MS,28
28121,MS,28
28123,MS,28
28125,MS,28
28127,MS,28
28129,MS,28
28131,MS,28
28133,MS,28
28135,MS,28
28137,MS,28
28139,MS,28
28141,MS,28
28143,MS,28
28145,MS,28
28147,MS,28
28149,MS,28
28151,MS,28
28153,MS,28
28155,MS,28
28157,MS,28
28159,MS,28
28161,MS,28
28163,MS,28
29001,MO,29
29003,MO,29
29005,MO,29
29007,MO,29
29009,MO,29
29011,MO,29
29013,MO,29
29015,MO,29
29017,MO,29
29019,MO,29
29021,MO,29
29023,MO,29
29025,MO,29
29027,MO,29
29029,MO,29
29031,MO,29
29033,MO,29
29035,MO,29
29037,MO,29
29039,MO,29
29041,MO,29
29043,MO,29
29045,MO,29
29047,MO,29
29049,MO,29
29051,MO,29
29053,MO,29
29055,MO,29
29057,MO,29
29059,MO,29
29061,MO,29
29063,MO,29
29065,MO,29
29067,MO,29
29069,MO,29
29071,MO,29
29073,MO,29
29075,MO,29
29077,MO,29
29079,MO,29
29081,MO,29
29083,MO,29
29085,MO,29
29087,MO,29
29089,MO,29
29091,MO,29
29093,MO,29
29095,MO,29
29097,MO,29
29099,MO,29
29101,MO,29
29103,MO,29
29105,MO,29
29107,MO,29
29109,MO,29
29111,MO,29
29113,MO,29
29115,MO,29
29117,MO,29
29119,MO,29
29121,MO,29
29123,MO,29
29125,MO,29
29127,MO,29
29129,MO,29
29131,MO,29
29133,MO,29
29135,MO,29
29137,MO,29
29139,MO,29
29141,MO,29
29143,MO,29
29145,MO,29
29147,MO,29
29149,MO,29
29151,MO,29
29153,MO,29
29155,MO,29
29157,MO,29
29159,MO,29
29161,MO,29
29163,MO,29
29165,MO,29
29167,MO,29
29169,MO,29
29171,MO,29
29173,MO,29
29175,MO,29
29177,MO,29
29179,MO,29
29181,MO,29
29183,MO,29
29185,MO,29
29186,MO,29
29187,MO,29
29189,MO,29
29195,MO,29
29197,MO,29
29199,MO,29
29201,MO,29
29203,MO,29
29205,MO,29
29207,MO,29
29209,MO,29
29211,MO,29
29213,MO,29
29215,MO,29
29217,MO,29
29219,MO,29
29221,MO,29
29223,MO,29
29225,MO,29
29227,MO,29
29229,MO,29
29510,MO,29
30001,MT,30
30003,MT,30
30005,MT,30
30007,MT,30
30009,MT,30
30011,MT,30
30013,MT,30
30015,MT,30
30017,MT,30
30019,MT,30
30021,MT,30
30023,MT,30
30025,MT,30
30027,MT,30
30029,MT,30
30031,MT,30
30033,MT,30
30035,MT,30
30037,MT,30
30039,MT,30
30041,MT,30
30043,MT,30
30045,MT,30
30047,MT,30
30049,MT,30
30051,MT,30
30053,MT,30
30055,MT,30
30057,MT,30
30059,MT,30
30061,MT,30
30063,MT,30
30065,MT,30
30067,MT,30
30069,MT,30
30071,MT,30
30073,MT,30
30075,MT,30
30077,MT,30
30079,MT,30
30081,MT,30
30083,MT,30
30085,MT,30
30087,MT,30
30089,MT,30
30091,MT,30
30093,MT,30
30095,MT,30
30097,MT,30
30099,MT,30
30101,MT,30
30103,MT,30
30105,MT,30
30107,MT,30
30109,MT,30
30111,MT,30
31001,NE,31
31003,NE,31
31005,NE,31
31007,NE,31
31009,NE,31
31011,NE,31
31013,NE,31
31015,NE,31
31017,NE,31
31019,NE,31
31021,NE,31
31023,NE,31
31025,NE,31
31027,NE,31
31029,NE,31
31031,NE,31
31033,NE,31
31035,NE,31
31037,NE,31
31039,NE,31
31041,NE,31
31043,NE,31
31045,NE,31
31047,NE,31
31049,NE,31
31051,NE,31
31053,NE,31
31055,NE,31
31057,NE,31
31059,NE,31
31061,NE,31
31063,NE,31
31065,NE,31
31067,NE,31
31069,NE,31
31071,NE,31
31073,NE,31
31075,NE,31
31077,NE,31
31079,NE,31
31081,NE,31
31083,NE,31
31085,NE,31
31087,NE,31
31089,NE,31
31091,NE,31
31093,NE,31
31095,NE,31
31097,NE,31
31099,NE,31
31101,NE,31
31103,NE,31
31105,NE,31
31107,NE,31
31109,NE,31
31111,NE,31
31113,NE,31
31115,NE,31
31117,NE,31
31119,NE,31
31121,NE,31
31123,NE,31
31125,NE,31
31127,NE,31
31129,NE,31
31131,NE,31
31133,NE,31
31135,NE,31
31137,NE,31
31139,NE,31
31141,NE,31
31143,NE,31
31145,NE,31
31147,NE,31
31149,NE,31
31151,NE,31
31153,NE,31
31155,NE,31
31157,NE,31
31159,NE,31
31161,NE,31
31163,NE,31
31165,NE,31
31167,NE,31
31169,NE,31
31171,NE,31
31173,NE,31
31175,NE,31
31177,NE,31
31179,NE,31
31181,NE,31
31183,NE,31
31185,NE,31
32001,NV,32
32003,NV,32
32005,NV,32
32007,NV,32
32009,NV,32
32011,NV,32
32013,NV,32
32015,NV,32
32017,NV,32
32019,NV,32
32021,NV,32
32023,NV,32
32027,NV,32
32029,NV,32
32031,NV,32
32033,NV,32
32510,NV,32
33001,NH,33
33003,NH,33
33005,NH,33
33007,NH,33
33009,NH,33
33011,NH,33
33013,NH,33
33015,NH,33
33017,NH,33
33019,NH,33
34001,NJ,34
34003,NJ,34
34005,NJ,34
34007,NJ,34
34009,NJ,34
34011,NJ,34
34013,NJ,34
34015,NJ,34
34017,NJ,34
34019,NJ,34
34021,NJ,34
34023,NJ,34
34025,NJ,34
34027,NJ,34
34029,NJ,34
34031,NJ,34
34033,NJ,34
34035,NJ,34
34037,NJ,34
34039,NJ,34
34041,NJ,34
35001,NM,35
35003,NM,35
35005,NM,35
35006,NM,35
35007,NM,35
35009,NM,35
35011,NM,35
35013,NM,35
35015,NM,35
35017,NM,35
35019,NM,35
35021,NM,35
35023,NM,35
35025,NM,35
35027,NM,35
35028,NM,35
35029,NM,35
35031,NM,35
35033,NM,35
35035,NM,35
35037,NM,35
35039,NM,35
35041,NM,35
35043,NM,35
35045,NM,35
35047,NM,35
35049,NM,35
35051,NM,35
35053,NM,35
35055,NM,35
35057,NM,35
35059,NM,35
35061,NM,35
36001,NY,36
36003,NY,36
36005,NY,36
36007,NY,36
36009,NY,36
36011,NY,36
36013,NY,36
36015,NY,36
36017,NY,36
36019,NY,36
36021,NY,36
36023,NY,36
36025,NY,36
36027,NY,36
36029,NY,36
36031,NY,36
36033,NY,36
36035,NY,36
36037,NY,36
36039,NY,36
36041,NY,36
36043,NY,36
36045,NY,36
36047,NY,36
36049,NY,36
36051,NY,36
36053,NY,36
36055,NY,36
36057,NY,36
36059,NY,36
36061,NY,36
36063,NY,36
36065,NY,36
36067,NY,36
36069,NY,36
36071,NY,36
36073,NY,36
36075,NY,36
36077,NY,36
36079,NY,36
36081,NY,36
36083,NY,36
36085,NY,36
36087,NY,36
36089,NY,36
36091,NY,36
36093,NY,36
36095,NY,36
36097,NY,36
36099,NY,36
36101,NY,36
36103,NY,36
36105,NY,36
36107,NY,36
36109,NY,36
36111,NY,36
36113,NY,36
36115,NY,36
36117,NY,36
36119,NY,36
36121,NY,36
36123,NY,36
37001,NC,37
37003,NC,37
37005,NC,37
37007,NC,37
37009,NC,37
37011,NC,37
37013,NC,37
37015,NC,37
37017,NC,37
37019,NC,37
37021,NC,37
37023,NC,37
37025,NC,37
37027,NC,37
37029,NC,37
37031,NC,37
37033,NC,37
37035,NC,37
37037,NC,37
37039,NC,37
37041,NC,37
37043,NC,37
37045,NC,37
37047,NC,37
37049,NC,37
37051,NC,37
37053,NC,37
37055,NC,37
37057,NC,37
37059,NC,37
37061,NC,37
37063,NC,37
37065,NC,37
37067,NC,37
37069,NC,37
37071,NC,37
37073,NC,37
37075,NC,37
37077,NC,37
37079,NC,37
37081,NC,37
37083,NC,37
37085,NC,37
37087,NC,37
37089,NC,37
37091,NC,37
37093,NC,37
37095,NC,37
37097,NC,37
37099,NC,37
37101,NC,37
37103,NC,37
37105,NC,37
37107,NC,37
37109,NC,37
37111,NC,37
37113,NC,37
37115,NC,37
37117,NC,37
37119,NC,37
37121,NC,37
37123,NC,37
37125,NC,37
37127,NC,37
37129,NC,37
37131,NC,37
37133,NC,37
37135,NC,37
37137,NC,37
37139,NC,37
37141,NC,37
37143,NC,37
37145,NC,37
37147,NC,37
37149,NC,37
37151,NC,37
37153,NC,37
37155,NC,37
37157,NC,37
37159,NC,37
37161,NC,37
37163,NC,37
37165,NC,37
37167,NC,37
37169,NC,37
37171,NC,37
37173,NC,37
37175,NC,37
37177,NC,37
37179,NC,37
37181,NC,37
37183,NC,37
37185,NC,37
37187,NC,37
37189,NC,37
37191,NC,37
37193,NC,37
37195,NC,37
37197,NC,37
37199,NC,37
38001,ND,38
38003,ND,38
38005,ND,38
38007,ND,38
38009,ND,38
38011,ND,38
38013,ND,38
38015,ND,38
38017,ND,38
38019,ND,38
38021,ND,38
38023,ND,38
38025,ND,38
38027,ND,38
38029,ND,38
38031,ND,38
38033,ND,38
38035,ND,38
38037,ND,38
38039,ND,38
38041,ND,38
38043,ND,38
38045,ND,38
38047,ND,38
38049,ND,38
38051,ND,38
38053,ND,38
38055,ND,38
38057,ND,38
38059,ND,38
38061,ND,38
38063,ND,38
38065,ND,38
38067,ND,38
38069,ND,38
38071,ND,38
38073,ND,38
38075,ND,38
38077,ND,38
38079,ND,38
38081,ND,38
38083,ND,38
38085,ND,38
38087,ND,38
38089,ND,38
38091,ND,38
38093,ND,38
38095,ND,38
38097,ND,38
38099,ND,38
38101,ND,38
38103,ND,38
38105,ND,38
39001,OH,39
39003,OH,39
39005,OH,39
39007,OH,39
39009,OH,39
39011,OH,39
39013,OH,39
39015,OH,39
39017,OH,39
39019,OH,39
39021,OH,39
39023,OH,39
39025,OH,39
39027,OH,39
39029,OH,39
39031,OH,39
39033,OH,39
39035,OH,39
39037,OH,39
39039,OH,39
39041,OH,39
39043,OH,39
39045,OH,39
39047,OH,39
39049,OH,39
39051,OH,39
39053,OH,39
39055,OH,39
39057,OH,39
39059,OH,39
39061,OH,39
39063,OH,39
39065,OH,39
39067,OH,39
39069,OH,39
39071,OH,39
39073,OH,39
39075,OH,39
39077,OH,39
39079,OH,39
39081,OH,39
39083,OH,39
39085,OH,39
39087,OH,39
39089,OH,39
39091,OH,39
39093,OH,39
39095,OH,39
39097,OH,39
39099,OH,39
39101,OH,39
39103,OH,39
39105,OH,39
39107,OH,39
39109,OH,39
39111,OH,39
39113,OH,39
39115,OH,39
39117,OH,39
39119,OH,39
39121,OH,39
39123,OH,39
39125,OH,39
39127,OH,39
39129,OH,39
39131,OH,39
39133,OH,39
39135,OH,39
39137,OH,39
39139,OH,39
39141,OH,39
39143,OH,39
39145,OH,39
39147,OH,39
39149,OH,39
39151,OH,39
39153,OH,39
39155,OH,39
39157,OH,39
39159,OH,39
39161,OH,39
39163,OH,39
39165,OH,39
39167,OH,39
39169,OH,39
39171,OH,39
39173,OH,39
39175,OH,39
40001,OK,40
40003,OK,40
40005,OK,40
40007,OK,40
40009,OK,40
40011,OK,40
40013,OK,40
40015,OK,40
40017,OK,40
40019,OK,40
40021,OK,40
40023,OK,40
40025,OK,40
40027,OK,40
40029,OK,40
40031,OK,40
40033,OK,40
40035,OK,40
40037,OK,40
40039,OK,40
40041,OK,40
40043,OK,40
40045,OK,40
40047,OK,40
40049,OK,40
40051,OK,40
40053,OK,40
40055,OK,40
40057,OK,40
40059,OK,40
40061,OK,40
40063,OK,40
40065,OK,40
40067,OK,40
40069,OK,40
40071,OK,40
40073,OK,40
40075,OK,40
40077,OK,40
40079,OK,40
40081,OK,40
40083,OK,40
40085,OK,40
40087,OK,40
40089,OK,40
40091,OK,40
40093,OK,40
40095,OK,40
40097,OK,40
40099,OK,40
40101,OK,40
40103,OK,40
40105,OK,40
40107,OK,40
40109,OK,40
40111,OK,40
40113,OK,40
40115,OK,40
40117,OK,40
40119,OK,40
40121,OK,40
40123,OK,40
40125,OK,40
40127,OK,40
40129,OK,40
40131,OK,40
40133,OK,40
40135,OK,40
40137,OK,40
40139,OK,40
40141,OK,40
40143,OK,40
40145,OK,40
40147,OK,40
40149,OK,40
40151,OK,40
40153,OK,40
41001,OR,41
41003,OR,41
41005,OR,41
41007,OR,41
41009,OR,41
41011,OR,41
41013,OR,41
41015,OR,41
41017,OR,41
41019,OR,41
41021,OR,41
41023,OR,41
41025,OR,41
41027,OR,41
41029,OR,41
41031,OR,41
41033,OR,41
41035,OR,41
41037,OR,41
41039,OR,41
41041,OR,41
41043,OR,41
41045,OR,41
41047,OR,41
41049,OR,41
41051,OR,41
41053,OR,41
41055,OR,41
41057,OR,41
41059,OR,41
41061,OR,41
41063,OR,41
41065,OR,41
41067,OR,41
41069,OR,41
41071,OR,41
42001,PA,42
42003,PA,42
42005,PA,42
42007,PA,42
42009,PA,42
42011,PA,42
42013,PA,42
42015,PA,42
42017,PA,42
42019,PA,42
42021,PA,42
42023,PA,42
42025,PA,42
42027,PA,42
42029,PA,42
42031,PA,42
42033,PA,42
42035,PA,42
42037,PA,42
42039,PA,42
42041,PA,42
42043,PA,42
42045,PA,42
42047,PA,42
42049,PA,42
42051,PA,42
42053,PA,42
42055,PA,42
42057,PA,42
42059,PA,42
42061,PA,42
42063,PA,42
42065,PA,42
42067,PA,42
42069,PA,42
42071,PA,42
42073,PA,42
42075,PA,42
42077,PA,42
42079,PA,42
42081,PA,42
42083,PA,42
42085,PA,42
42087,PA,42
42089,PA,42
42091,PA,42
42093,PA,42
42095,PA,42
42097,PA,42
42099,PA,42
42101,PA,42
42103,PA,42
42105,PA,42
42107,PA,42
42109,PA,42
42111,PA,42
42113,PA,42
42115,PA,42
42117,PA,42
42119,PA,42
42121,PA,42
42123,PA,42
42125,PA,42
42127,PA,42
42129,PA,42
42131,PA,42
42133,PA,42
44001,RI,44
44003,RI,44
44005,RI,44
44007,RI,44
44009,RI,44
45001,SC,45
45003,SC,45
45005,SC,45
45007,SC,45
45009,SC,45
45011,SC,45
45013,SC,45
45015,SC,45
45017,SC,45
45019,SC,45
45021,SC,45
45023,SC,45
45025,SC,45
45027,SC,45
45029,SC,45
45031,SC,45
45033,SC,45
45035,SC,45
45037,SC,45
45039,SC,45
45041,SC,45
45043,SC,45
45045,SC,45
45047,SC,45
45049,SC,45
45051,SC,45
45053,SC,45
45055,SC,45
45057,SC,45
45059,SC,45
45061,SC,45
45063,SC,45
45065,SC,45
45067,SC,45
45069,SC,45
45071,SC,45
45073,SC,45
45075,SC,45
45077,SC,45
45079,SC,45
45081,SC,45
45083,SC,45
45085,SC,45
45087,SC,45
45089,SC,45
45091,SC,45
46003,SD,46
46005,SD,46
46007,SD,46
46009,SD,46
46011,SD,46
46013,SD,46
46015,SD,46
46017,SD,46
46019,SD,46
46021,SD,46
46023,SD,46
46025,SD,46
46027,SD,46
46029,SD,46
46031,SD,46
46033,SD,46
46035,SD,46
46037,SD,46
46039,SD,46
46041,SD,46
46043,SD,46
46045,SD,46
46047,SD,46
46049,SD,46
46051,SD,46
46053,SD,46
46055,SD,46
46057,SD,46
46059,SD,46
46061,SD,46
46063,SD,46
46065,SD,46
46067,SD,46
46069,SD,46
46071,SD,46
46073,SD,46
46075,SD,46
46077,SD,46
46079,SD,46
46081,SD,46
46083,SD,46
46085,SD,46
46087,SD,46
46089,SD,46
46091,SD,46
46093,SD,46
46095,SD,46
46097,SD,46
46099,SD,46
46101,SD,46
46102,SD,46
46103,SD,46
46105,SD,46
46107,SD,46
46109,SD,46
46111,SD,46
46113,SD,46
46115,SD,46
46117,SD,46
46119,SD,46
46121,SD,46
46123,SD,46
46125,SD,46
46127,SD,46
46129,SD,46
46135,SD,46
46137,SD,46
47001,TN,47
47003,TN,47
47005,TN,47
47007,TN,47
47009,TN,47
47011,TN,47
47013,TN,47
47015,TN,47
47017,TN,47
47019,TN,47
47021,TN,47
47023,TN,47
47025,TN,47
47027,TN,47
47029,TN,47
47031,TN,47
47033,TN,47
47035,TN,47
47037,TN,47
47039,TN,47
47041,TN,47
47043,TN,47
47045,TN,47
47047,TN,47
47049,TN,47
47051,TN,47
47053,TN,47
47055,TN,47
47057,TN,47
47059,TN,47
47061,TN,47
47063,TN,47
47065,TN,47
47067,TN,47
47069,TN,47
47071,TN,47
47073,TN,47
47075,TN,47
47077,TN,47
47079,TN,47
47081,TN,47
47083,TN,47
47085,TN,47
47087,TN,47
47089,TN,47
47091,TN,47
47093,TN,47
47095,TN,47
47097,TN,47
47099,TN,47
47101,TN,47
47103,TN,47
47105,TN,47
47107,TN,47
47109,TN,47
47111,TN,47
47113,TN,47
47115,TN,47
47117,TN,47
47119,TN,47
47121,TN,47
47123,TN,47
47125,TN,47
47127,TN,47
47129,TN,47
47131,TN,47
47133,TN,47
47135,TN,47
47137,TN,47
47139,TN,47
47141,TN,47
47143,TN,47
47145,TN,47
47147,TN,47
47149,TN,47
47151,TN,47
47153,TN,47
47155,TN,47
47157,TN,47
47159,TN,47
47161,TN,47
47163,TN,47
47165,TN,47
47167,TN,47
47169,TN,47
47171,TN,47
47173,TN,47
47175,TN,47
47177,TN,47
47179,TN,47
47181,TN,47
47183,TN,47
47185,TN,47
47187,TN,47
47189,TN,47
48001,TX,48
48003,TX,48
48005,TX,48
48007,TX,48
48009,TX,48
48011,TX,48
48013,TX,48
48015,TX,48
48017,TX,48
48019,TX,48
48021,TX,48
48023,TX,48
48025,TX,48
48027,TX,48
48029,TX,48
48031,TX,48
48033,TX,48
48035,TX,48
48037,TX,48
48039,TX,48
48041,TX,48
48043,TX,48
48045,TX,48
48047,TX,48
48049,TX,48
48051,TX,48
48053,TX,48
48055,TX,48
48057,TX,48
48059,TX,48
48061,TX,48
48063,TX,48
48065,TX,48
48067,TX,48
48069,TX,48
48071,TX,48
48073,TX,48
48075,TX,48
48077,TX,48
48079,TX,48
48081,TX,48
48083,TX,48
48085,TX,48
48087,TX,48
48089,TX,48
48091,TX,48
48093,TX,48
48095,TX,48
48097,TX,48
48099,TX,48
48101,TX,48
48103,TX,48
48105,TX,48
48107,TX,48
48109,TX,48
48111,TX,48
48113,TX,48
48115,TX,48
48117,TX,48
48119,TX,48
48121,TX,48
48123,TX,48
48125,TX,48
48127,TX,48
48129,TX,48
48131,TX,48
48133,TX,48
48135,TX,48
48137,TX,48
48139,TX,48
48141,TX,48
48143,TX,48
48145,TX,48
48147,TX,48
48149,TX,48
48151,TX,48
48153,TX,48
48155,TX,48
48157,TX,48
48159,TX,48
48161,TX,48
48163,TX,48
48165,TX,48
48167,TX,48
48169,TX,48
48171,TX,48
48173,TX,48
48175,TX,48
48177,TX,48
48179,TX,48
48181,TX,48
48183,TX,48
48185,TX,48
48187,TX,48
48189,TX,48
48191,TX,48
48193,TX,48
48195,TX,48
48197,TX,48
48199,TX,48
48201,TX,48
48203,TX,48
48205,TX,48
48207,TX,48
48209,TX,48
48211,TX,48
48213,TX,48
48215,TX,48
48217,TX,48
48219,TX,48
48221,TX,48
48223,TX,48
48225,TX,48
48227,TX,48
48229,TX,48
48231,TX,48
48233,TX,48
48235,TX,48
48237,TX,48
48239,TX,48
48241,TX,48
48243,TX,48
48245,TX,48
48247,TX,48
48249,TX,48
48251,TX,48
48253,TX,48
48255,TX,48
48257,TX,48
48259,TX,48
48261,TX,48
48263,TX,48
48265,TX,48
48267,TX,48
48269,TX,48
48271,TX,48
48273,TX,48
48275,TX,48
48277,TX,48
48279,TX,48
48281,TX,48
48283,TX,48
48285,TX,48
48287,TX,48
48289,TX,48
48291,TX,48
48293,TX,48
48295,TX,48
48297,TX,48
48299,TX,48
48301,TX,48
48303,TX,48
48305,TX,48
48307,TX,48
48309,TX,48
48311,TX,48
48313,TX,48
48315,TX,48
48317,TX,48
48319,TX,48
48321,TX,48
48323,TX,48
48325,TX,48
48327,TX,48
48329,TX,48
48331,TX,48
48333,TX,48
48335,TX,48
48337,TX,48
48339,TX,48
48341,TX,48
48343,TX,48
48345,TX,48
48347,TX,48
48349,TX,48
48351,TX,48
48353,TX,48
48355,TX,48
48357,TX,48
48359,TX,48
48361,TX,48
48363,TX,48
48365,TX,48
48367,TX,48
48369,TX,48
48371,TX,48
48373,TX,48
48375,TX,48
48377,TX,48
48379,TX,48
48381,TX,48
48383,TX,48
48385,TX,48
48387,TX,48
48389,TX,48
48391,TX,48
48393,TX,48
48395,TX,48
48397,TX,48
48399,TX,48
48401,TX,48
48403,TX,48
48405,TX,48
48407,TX,48
48409,TX,48
48411,TX,48
48413,TX,48
48415,TX,48
48417,TX,48
48419,TX,48
48421,TX,48
48423,TX,48
48425,TX,48
48427,TX,48
48429,TX,48
48431,TX,48
48433,TX,48
48435,TX,48
48437,TX,48
48439,TX,48
48441,TX,48
48443,TX,48
48445,TX,48
48447,TX,48
48449,TX,48
48451,TX,48
48453,TX,48
48455,TX,48
48457,TX,48
48459,TX,48
48461,TX,48
48463,TX,48
48465,TX,48
48467,TX,48
48469,TX,48
48471,TX,48
48473,TX,48
48475,TX,48
48477,TX,48
48479,TX,48
48481,TX,48
48483,TX,48
48485,TX,48
48487,TX,48
48489,TX,48
48491,TX,48
48493,TX,48
48495,TX,48
48497,TX,48
48499,TX,48
48501,TX,48
48503,TX,48
48505,TX,48
48507,TX,48
49001,UT,49
49003,UT,49
49005,UT,49
49007,UT,49
49009,UT,49
49011,UT,49
49013,UT,49
49015,UT,49
49017,UT,49
49019,UT,49
49021,UT,49
49023,UT,49
49025,UT,49
49027,UT,49
49029,UT,49
49031,UT,49
49033,UT,49
49035,UT,49
49037,UT,49
49039,UT,49
49041,UT,49
49043,UT,49
49045,UT,49
49047,UT,49
49049,UT,49
49051,UT,49
49053,UT,49
49055,UT,49
49057,UT,49
50001,VT,50
50003,VT,50
50005,VT,50
50007,VT,50
50009,VT,50
50011,VT,50
50013,VT,50
50015,VT,50
50017,VT,50
50019,VT,50
50021,VT,50
50023,VT,50
50025,VT,50
50027,VT,50
51001,VA,51
51003,VA,51
51005,VA,51
51007,VA,51
51009,VA,51
51011,VA,51
51013,VA,51
51015,VA,51
51017,VA,51
51019,VA,51
51021,VA,51
51023,VA,51
51025,VA,51
51027,VA,51
51029,VA,51
51031,VA,51
51033,VA,51
51035,VA,51
51036,VA,51
51037,VA,51
51041,VA,51
51043,VA,51
51045,VA,51
51047,VA,51
51049,VA,51
51051,VA,51
51053,VA,51
51057,VA,51
51059,VA,51
51061,VA,51
51063,VA,51
51065,VA,51
51067,VA,51
51069,VA,51
51071,VA,51
51073,VA,51
51075,VA,51
51077,VA,51
51079,VA,51
51081,VA,51
51083,VA,51
51085,VA,51
51087,VA,51
51089,VA,51
51091,VA,51
51093,VA,51
51095,VA,51
51097,VA,51
51099,VA,51
51101,VA,51
51103,VA,51
51105,VA,51
51107,VA,51
51109,VA,51
51111,VA,51
51113,VA,51
51115,VA,51
51117,VA,51
51119,VA,51
51121,VA,51
51125,VA,51
51127,VA,51
51131,VA,51
51133,VA,51
51135,VA,51
51137,VA,51
51139,VA,51
51141,VA,51
51143,VA,51
51145,VA,51
51147,VA,51
51149,VA,51
51153,VA,51
51155,VA,51
51157,VA,51
51159,VA,51
51161,VA,51
51163,VA,51
51165,VA,51
51167,VA,51
51169,VA,51
51171,VA,51
51173,VA,51
51175,VA,51
51177,VA,51
51179,VA,51
51181,VA,51
51183,VA,51
51185,VA,51
51187,VA,51
51191,VA,51
51193,VA,51
51195,VA,51
51197,VA,51
51199,VA,51
51510,VA,51
51515,VA,51
51520,VA,51
51530,VA,51
51540,VA,51
51550,VA,51
51570,VA,51
51580,VA,51
51590,VA,51
51595,VA,51
51600,VA,51
51610,VA,51
51620,VA,51
51630,VA,51
51640,VA,51
51650,VA,51
51660,VA,51
51670,VA,51
51678,VA,51
51680,VA,51
51683,VA,51
51685,VA,51
51690,VA,51
51700,VA,51
51710,VA,51
51720,VA,51
51730,VA,51
51735,VA,51
51740,VA,51
51750,VA,51
51760,VA,51
51770,VA,51
51775,VA,51
51790,VA,51
51800,VA,51
51810,VA,51
51820,VA,51
51830,VA,51
51840,VA,51
53001,WA,53
53003,WA,53
53005,WA,53
53007,WA,53
53009,WA,53
53011,WA,53
53013,WA,53
53015,WA,53
53017,WA,53
53019,WA,53
53021,WA,53
53023,WA,53
53025,WA,53
53027,WA,53
53029,WA,53
53031,WA,53
53033,WA,53
53035,WA,53
53037,WA,53
53039,WA,53
53041,WA,53
53043,WA,53
53045,WA,53
53047,WA,53
53049,WA,53
53051,WA,53
53053,WA,53
53055,WA,53
53057,WA,53
53059,WA,53
53061,WA,53
53063,WA,53
53065,WA,53
53067,WA,53
53069,WA,53
53071,WA,53
53073,WA,53
53075,WA,53
53077,WA,53
54001,WV,54
54003,WV,54
54005,WV,54
54007,WV,54
54009,WV,54
54011,WV,54
54013,WV,54
54015,WV,54
54017,WV,54
54019,WV,54
54021,WV,54
54023,WV,54
54025,WV,54
54027,WV,54
54029,WV,54
54031,WV,54
54033,WV,54
54035,WV,54
54037,WV,54
54039,WV,54
54041,WV,54
54043,WV,54
54045,WV,54
54047,WV,54
54049,WV,54
54051,WV,54
54053,WV,54
54055,WV,54
54057,WV,54
54059,WV,54
54061,WV,54
54063,WV,54
54065,WV,54
54067,WV,54
54069,WV,54
54071,WV,54
54073,WV,54
54075,WV,54
54077,WV,54
54079,WV,54
54081,WV,54
54083,WV,54
54085,WV,54
54087,WV,54
54089,WV,54
54091,WV,54
54093,WV,54
54095,WV,54
54097,WV,54
54099,WV,54
54101,WV,54
54103,WV,54
54105,WV,54
54107,WV,54
54109,WV,54
55001,WI,55
55003,WI,55
55005,WI,55
55007,WI,55
55009,WI,55
55011,WI,55
55013,WI,55
55015,WI,55
55017,WI,55
55019,WI,55
55021,WI,55
55023,WI,55
55025,WI,55
55027,WI,55
55029,WI,55
55031,WI,55
55033,WI,55
55035,WI,55
55037,WI,55
55039,WI,55
55041,WI,55
55043,WI,55
55045,WI,55
55047,WI,55
55049,WI,55
55051,WI,55
55053,WI,55
55055,WI,55
55057,WI,55
55059,WI,55
55061,WI,55
55063,WI,55
55065,WI,55
55067,WI,55
55069,WI,55
55071,WI,55
55073,WI,55
55075,WI,55
55077,WI,55
55078,WI,55
55079,WI,55
55081,WI,55
55083,WI,55
55085,WI,55
55087,WI,55
55089,WI,55
55091,WI,55
55093,WI,55
55095,WI,55
55097,WI,55
55099,WI,55
55101,WI,55
55103,WI,55
55105,WI,55
55107,WI,55
55109,WI,55
55111,WI,55
55113,WI,55
55115,WI,55
55117,WI,55
55119,WI,55
55121,WI,55
55123,WI,55
55125,WI,55
55127,WI,55
55129,WI,55
55131,WI,55
55133,WI,55
55135,WI,55
55137,WI,55
55139,WI,55
55141,WI,55
56001,WY,56
56003,WY,56
56005,WY,56
56007,WY,56
56009,WY,56
56011,WY,56
56013,WY,56
56015,WY,56
56017,WY,56
56019,WY,56
56021,WY,56
56023,WY,56
56025,WY,56
56027,WY,56
56029,WY,56
56031,WY,56
56033,WY,56
56035,WY,56
56037,WY,56
56039,WY,56
56041,WY,56
56043,WY,56
56045,WY,56
60010,AS,60
60020,AS,60
60030,AS,60
60040,AS,60
60050,AS,60
66010,GU,66
69085,MP,69
69100,MP,69
69110,MP,69
69120,MP,69
72001,PR,72
72003,PR,72
72005,PR,72
72007,PR,72
72009,PR,72
72011,PR,72
72013,PR,72
72015,PR,72
72017,PR,72
72019,PR,72
72021,PR,72
72023,PR,72
72025,PR,72
72027,PR,72
72029,PR,72
72031,PR,72
72033,PR,72
72035,PR,72
72037,PR,72
72039,PR,72
72041,PR,72
72043,PR,72
72045,PR,72
72047,PR,72
72049,PR,72
72051,PR,72
72053,PR,72
72054,PR,72
72055,PR,72
72057,PR,72
72059,PR,72
72061,PR,72
72063,PR,72
72065,PR,72
72067,PR,72
72069,PR,72
72071,PR,72
72073,PR,72
72075,PR,72
72077,PR,72
72079,PR,72
72081,PR,72
72083,PR,72
72085,PR,72
72087,PR,72
72089,PR,72
72091,PR,72
72093,PR,72
72095,PR,72
72097,PR,72
72099,PR,72
72101,PR,72
72103,PR,72
72105,PR,72
72107,PR,72
72109,PR,72
72111,PR,72
72113,PR,72
72115,PR,72
72117,PR,72
72119,PR,72
72121,PR,72
72123,PR,72
72125,PR,72
72127,PR,72
72129,PR,72
72131,PR,72
72133,PR,72
72135,PR,72
72137,PR,72
72139,PR,72
72141,PR,72
72143,PR,72
72145,PR,72
72147,PR,72
72149,PR,72
72151,PR,72
72153,PR,72
74300,UM,74
78010,VI,78
78020,VI,78
78030,VI,78
