fips,fam_median_income,total_population
1001,64271,53155
1003,58429,175791
1005,41786,27699
1007,51956,22610
1009,53564,56692
1011,37816,10923
1013,37458,20895
1015,49532,117149
1017,39475,34579
1019,47365,25700
1021,48886,43121
1023,40121,14111
1025,43323,26255
1027,43392,14040
1029,41585,14823
1031,54929,48349
1033,50675,54446
1035,40022,13382
1037,47451,11470
1039,43468,37608
1041,47685,13928
1043,47771,79941
1045,50685,49730
1047,36516,44066
1049,41880,70038
1051,62870,77650
1053,41778,37996
1055,44706,104066
1057,42063,17472
1059,44352,31383
1061,40583,26541
1063,35657,9255
1065,38345,16168
1067,46976,17148
1069,51741,99029
1071,45423,53386
1073,57563,656912
1075,42492,14743
1077,51723,91762
1079,48425,34235
1081,59112,135010
1083,55518,78614
1085,34929,11731
1087,42363,21699
1089,71873,323080
1091,43709,21296
1093,44223,30792
1095,47440,90867
1097,49900,408620
1099,38778,23329
1101,55475,228018
1103,54653,117632
1105,30898,10684
1107,40878,19917
1109,41570,32147
1111,43528,22817
1113,38572,51663
1115,56107,80658
1117,81406,187880
1119,32063,13871
1121,44695,82347
1123,47918,41534
1125,58756,188331
1127,45788,67612
1129,51749,17556
1131,27250,12012
1133,39784,24687
2013,61250,3703
2016,81875,6259
2020,85023,284267
2050,55402,16838
2060,92308,1049
2068,81500,1144
2070,64113,4817
2090,79913,94439
2100,69821,1658
2105,50257,2029
2110,88536,30975
2122,71278,53917
2130,78440,13396
2150,65605,13349
2164,47266,1626
2170,76247,84147
2180,52694,9315
2185,70650,8852
2188,52807,7477
2195,76063,3841
2198,51000,5507
2220,70875,8894
2230,87361,1140
2240,63125,6935
2261,76625,9606
2270,37284,7398
2275,53688,2338
2282,90833,638
2290,45000,5635
4001,36915,70312
4003,53077,129268
4005,58841,131824
4007,46292,53272
4009,48005,36030
4011,51729,8318
4012,37721,20549
4013,65438,3751410
4015,47530,199177
4017,45906,107060
4019,57377,964462
4021,56299,329297
4023,40933,46051
4025,53499,209260
4027,42718,190526
5001,48698,19321
5003,46453,22126
5005,42124,41388
5007,58000,209911
5009,46005,36710
5011,39125,11638
5013,39615,5529
5015,42031,26971
5017,32679,12102
5019,45336,23083
5021,39758,16297
5023,44863,25692
5025,45882,8769
5027,46855,24756
5029,48116,21059
5031,52540,93329
5033,46542,60778
5035,42042,50673
5037,46045,18144
5039,37060,8280
5041,36349,13351
5043,44680,18546
5045,60595,108375
5047,39723,18176
5049,36489,12263
5051,45745,95290
5053,58741,17657
5055,45776,41318
5057,41820,22747
5059,46090,32671
5061,40538,13778
5063,43775,35994
5065,39668,13636
5067,36103,18015
5069,46626,78447
5071,39226,25180
5073,37072,7764
5075,38957,17340
5077,34261,10709
5079,39493,14203
5081,45341,13145
5083,48696,22580
5085,57736,65846
5087,42341,15507
5089,41321,16779
5091,47960,43048
5093,39644,46815
5095,35532,8492
5097,43306,9490
5099,46658,9149
5101,37938,8394
5103,42771,26293
5105,50364,10435
5107,32902,22412
5109,39526,11286
5111,38865,24703
5113,37883,20490
5115,46083,60460
5117,42609,8839
5119,57863,377060
5121,43552,18049
5123,34233,28302
5125,62109,102439
5127,39425,11226
5129,38662,8227
5131,49149,123847
5133,39263,16636
5135,39435,17432
5137,36765,12321
5139,46185,42180
5141,40161,17237
5143,52300,197192
5145,46012,74957
5147,36917,7505
5149,39517,21895
6001,85014,1477980
6003,80278,1176
6005,65103,38327
6007,54924,218635
6009,65542,45994
6011,53643,21165
6013,91791,1024809
6015,51824,28471
6017,83142,179053
6019,52306,908830
6021,49773,27935
6023,53221,133058
6025,43490,168052
6027,61898,18434
6029,51311,815693
6031,53498,151122
6033,50140,64371
6035,62842,35081
6037,61622,9758256
6039,51115,147738
6041,112911,248601
6043,57682,18290
6045,51787,87487
6047,47924,250699
6049,46349,9605
6051,74888,13905
6053,63372,407435
6055,80030,134051
6057,66753,98186
6059,83735,2965525
6061,89196,336477
6063,54182,20392
6065,64787,2109464
6067,66003,1395144
6069,75051,54492
6071,61526,2005287
6073,73560,3022468
6075,85778,789172
6077,61292,673613
6079,72054,265577
6081,101578,704327
6083,69190,416051
6085,100733,1739396
6087,80264,256901
6089,55456,176906
6091,67933,3366
6093,47037,44690
6095,77321,410042
6097,76715,474047
6099,57433,509682
6101,57581,93420
6103,45451,62575
6105,46686,13701
6107,47126,429404
6109,62440,56074
6111,84364,809080
6113,73259,196418
6115,53289,71160
8001,62864,425330
8003,45742,15293
8005,72459,552860
8007,65489,12136
8009,43466,3833
8011,43472,6125
8013,87860,290177
8014,94135,52872
8015,54353,17540
8017,68125,2194
8019,73134,9088
8021,38950,8220
8023,38005,3536
8025,44095,5897
8027,48505,3899
8029,48395,30533
8031,57182,578087
8033,49167,2027
8035,108613,273440
8037,80621,50793
8039,83074,22712
8041,68813,599988
8043,45664,46941
8045,70123,54761
8047,82632,5126
8049,69395,14526
8051,69139,15136
8053,88920,489
8055,44401,6948
8057,44286,1464
8059,81136,528614
8061,58594,1643
8063,55742,8156
8065,44934,7039
8067,69089,50149
8069,73771,291162
8071,49347,15675
8073,54643,5476
8075,52169,22278
8077,63049,142284
8079,66071,1020
8081,62074,13519
8083,52999,25279
8085,52640,40266
8087,48673,27911
8089,41269,18830
8091,65804,4319
8093,73815,16286
8095,54583,4394
8097,103438,16389
8099,47052,12734
8101,50503,156244
8103,68327,6494
8105,48115,11926
8107,74547,22924
8109,36988,6161
8111,62917,752
8113,82708,7299
8115,52292,2412
8117,86701,27105
8119,68328,22821
8121,48965,4773
8123,64996,242860
8125,48602,9896
9001,100593,905342
9003,78599,887976
9005,84890,189916
9007,91589,164774
9009,77379,856688
9011,80425,272360
9013,91631,151073
9015,69642,117708
10001,60949,156918
10003,78072,533514
10005,59053,190846
11001,70883,584400
12001,61188,244247
12003,55597,26548
12005,56877,166798
12007,47583,28750
12009,60842,540583
12011,62619,1734139
12013,39332,14372
12015,52533,159385
12017,45568,140686
12019,67922,186076
12021,68556,316931
12023,47726,66964
12027,38986,34557
12029,39914,16196
12031,60114,854848
12033,53495,297940
12035,54754,91806
12037,46083,11470
12039,46773,46031
12041,43994,16683
12043,44046,12617
12045,46979,15879
12047,46616,14696
12049,43001,27521
12051,38564,39030
12053,50135,170337
12055,41955,98807
12057,59886,1200236
12059,42731,19992
12061,57477,135518
12063,49600,49334
12065,47059,14583
12067,54024,8506
12069,55935,291671
12071,58950,606165
12073,66157,270409
12075,43256,40415
12077,48750,8230
12079,46791,19300
12081,57547,318619
12083,47614,326833
12085,70271,144322
12086,50065,2445374
12087,66152,73065
12089,66233,71099
12091,64224,182076
12093,43229,39883
12095,57473,1116094
12097,50203,258531
12099,64445,1299356
12101,53457,456514
12103,58335,918263
12105,51395,590116
12107,43184,74715
12109,79080,180624
12111,51943,269659
12113,62929,147838
12115,62326,376200
12117,70597,417330
12119,51268,85891
12121,45012,40675
12123,46012,22000
12125,53469,15375
12127,55569,496053
12129,63924,29368
12131,56282,53366
12133,46742,24125
13001,46005,18050
13003,34859,8332
13005,45442,10969
13007,42585,3657
13009,47714,46905
13011,48606,17840
13013,55415,66359
13015,56281,97423
13017,35868,17631
13019,40869,18708
13021,52158,154810
13023,48750,12937
13025,43028,17650
13027,47599,16338
13029,72118,29039
13031,51904,67298
13033,41659,23083
13035,59511,23401
13037,37309,6488
13039,57366,49293
13043,39105,10715
13045,53703,109227
13047,54796,62951
13049,45913,12310
13051,54933,256428
13053,55745,11702
13055,39037,25985
13057,77190,206283
13059,51687,115070
13061,31354,2981
13063,48064,260156
13065,45350,6841
13067,78920,677402
13069,39880,41647
13071,39086,44712
13073,74426,117858
13075,37352,16976
13077,68469,121528
13079,48623,12821
13081,41616,23182
13083,48881,16595
13085,60236,21758
13087,44322,27920
13089,60718,685371
13091,46460,21402
13093,39622,14283
13095,39951,94514
13097,62977,127800
13099,40238,11286
13101,33664,3973
13103,63277,50513
13105,35550,20421
13107,36402,22348
13109,45938,10966
13111,41422,23337
13113,92976,105344
13115,49310,95810
13117,96501,163885
13119,44667,22121
13121,75579,886982
13123,45317,28076
13125,46283,3007
13127,62445,77632
13129,47964,54059
13131,39159,24738
13133,42307,15844
13135,70767,778022
13137,49182,42212
13139,57774,175001
13141,27168,9649
13143,45339,28574
13145,74457,30807
13147,44451,25024
13149,47591,11720
13151,70972,193717
13153,67227,134880
13155,51262,9642
13157,58239,58347
13159,52177,13695
13161,40313,14558
13163,36980,16919
13165,35876,8400
13167,35750,9967
13169,56038,28292
13171,42218,17837
13173,43162,9404
13175,46466,48034
13177,67943,27998
13179,46818,63854
13181,43872,8111
13183,46654,13142
13185,48296,104916
13187,50318,28875
13189,42472,21719
13191,51765,13817
13193,37218,14553
13195,49713,27798
13197,51000,8403
13199,47126,22425
13201,40685,6128
13205,43930,23697
13207,61110,25864
13209,45989,9138
13211,57724,17741
13213,45420,39925
13215,50771,187629
13217,56519,96833
13219,85371,31508
13221,52955,14556
13223,67117,134875
13225,53708,26883
13227,59955,29155
13229,47157,18205
13231,57458,17411
13233,43172,41095
13235,46850,11632
13237,49814,20925
13239,34342,2528
13241,50410,16266
13243,29800,7724
13245,45220,198170
13247,63167,83135
13249,47234,4755
13251,44244,14799
13253,38339,8797
13255,49640,63304
13257,41768,25876
13259,41673,5831
13261,41371,32865
13263,43694,6920
13265,29375,2041
13267,45601,24263
13269,35819,8875
13271,36109,16052
13273,35663,9647
13275,46333,44451
13277,45376,39823
13279,44266,27151
13281,48020,10430
13283,48110,6835
13285,50625,65652
13287,40446,9025
13289,31324,9385
13291,50772,21083
13293,42737,27308
13295,46307,67845
13297,58750,81491
13299,47609,36006
13301,36925,5936
13303,41055,21112
13305,45649,29705
13307,40441,2727
13309,45042,7093
13311,50981,26498
13313,48991,99910
13315,40552,9041
13317,39109,10580
13319,49138,9685
13321,46791,21712
15001,66348,180362
15003,81370,936984
15005,79500,74
15007,71847,65460
15009,74465,150711
16001,67519,380718
16003,45590,3942
16005,54650,80701
16007,47092,6026
16009,41759,9302
16011,51750,44496
16013,73929,21329
16015,60042,7122
16017,51377,40711
16019,58346,100213
16021,43562,10792
16023,47225,2842
16025,43092,1216
16027,48219,182723
16029,53615,6900
16031,47995,22109
16033,37656,857
16035,46415,8766
16037,56710,4277
16039,50840,26669
16041,50586,12497
16043,52510,13062
16045,49976,16778
16047,45369,15140
16049,39263,15947
16051,55705,24523
16053,45947,21282
16055,55840,134851
16057,54172,36645
16059,49119,7861
16061,41250,3761
16063,50543,5021
16065,41117,36413
16067,47079,19524
16069,55180,38886
16071,51371,4212
16073,36405,11389
16075,50323,22451
16077,46391,7633
16079,44685,12917
16081,56791,9413
16083,49188,74929
16085,59737,9846
16087,46970,10105
17001,55791,67030
17003,44699,8449
17005,60786,17904
17007,69380,53567
17009,50341,6897
17011,55217,35083
17013,57627,5118
17015,55341,15615
17017,51624,13648
17019,65785,197867
17021,52680,34936
17023,52689,16545
17025,48659,13927
17027,66682,37395
17029,54170,53568
17031,65039,5172848
17033,51218,19864
17035,51729,11073
17037,70713,104026
17039,56806,16672
17041,60352,20012
17043,92423,911481
17045,51588,18776
17047,51337,6707
17049,61373,34232
17051,51216,22007
17053,62819,14113
17055,43170,39528
17057,50596,37205
17059,48892,5773
17061,52049,13983
17063,75000,48744
17065,50878,8453
17067,55162,19227
17069,38576,4402
17071,55154,7462
17073,61467,50477
17075,56541,30068
17077,50787,59864
17079,53034,9752
17081,51262,39202
17083,64773,22932
17085,60381,22728
17087,47423,12710
17089,77998,502628
17091,59998,112100
17093,87309,105602
17095,51740,52932
17097,91693,697179
17099,62252,113789
17101,45565,16849
17103,60759,36100
17105,60933,39010
17107,63245,30440
17109,52390,32730
17111,86698,306050
17113,77093,166706
17115,57570,110719
17117,59700,47980
17119,64630,268005
17121,50518,39722
17123,64781,12763
17125,51348,14921
17127,51794,15425
17129,65882,12702
17131,62025,16551
17133,80832,32431
17135,56945,30230
17137,59185,35755
17139,54494,14723
17141,64927,53578
17143,63163,185108
17145,50130,22488
17147,65850,16708
17149,50426,16580
17151,51500,4426
17153,39699,6262
17155,68875,5982
17157,55113,33567
17159,53853,16166
17161,58962,147524
17163,61042,266727
17165,46314,25171
17167,66917,195288
17169,51654,7527
17171,64412,5374
17173,55655,22362
17175,62681,6086
17177,54224,47791
17179,66764,133863
17181,48465,17959
17183,49429,82033
17185,55611,12141
17187,49623,17745
17189,64171,14841
17191,47879,16846
17193,48666,14800
17195,54242,58750
17197,85488,667977
17199,50929,65579
17201,59814,293972
17203,75601,38226
18001,53106,34162
18003,60184,351332
18005,64024,75855
18007,58661,8820
18009,47287,12960
18011,81401,54796
18013,56911,15271
18015,60420,20135
18017,49873,39058
18019,58090,107381
18021,52907,26983
18023,57445,33270
18025,46073,10825
18027,53769,31045
18029,66561,49580
18031,52308,25584
18033,55280,41968
18035,51394,117344
18037,64286,41809
18039,53742,196855
18041,46601,24367
18043,63139,73594
18045,51696,17329
18047,60300,23194
18049,47972,20684
18051,61652,33386
18053,49860,70176
18055,50740,33084
18057,95376,261244
18059,69734,68011
18061,59316,38616
18063,77397,140028
18065,52701,48921
18067,55479,83326
18069,55630,37321
18071,53534,41902
18073,63842,33055
18075,47926,21441
18077,52343,32393
18079,48470,28470
18081,72723,135994
18083,51534,38425
18085,56305,76982
18087,53793,36996
18089,58931,494417
18091,56679,110937
18093,50355,46192
18095,53906,131444
18097,54142,890976
18099,58017,46976
18101,55017,10324
18103,49282,37307
18105,60845,134442
18107,56374,38138
18109,62507,68654
18111,60242,14300
18113,53959,47513
18115,64271,6067
18117,45874,19820
18119,52343,21737
18121,51581,17394
18123,55497,19316
18125,49423,12955
18127,73065,162026
18129,68722,26100
18131,50903,13596
18133,59354,38048
18135,45543,26262
18137,57305,28570
18139,52874,17568
18141,57510,266522
18143,46775,24109
18145,60824,44237
18147,61365,20977
18149,44044,23343
18151,57154,34092
18153,52558,21520
18155,51769,10393
18157,60367,168635
18159,61115,16132
18161,49815,7463
18163,57076,178298
18165,50743,16412
18167,50413,107151
18169,52758,33225
18171,57990,8563
18173,73583,58393
18175,45500,28226
18177,51155,69187
18179,56885,27744
18181,52626,24734
18183,63487,32991
19001,57287,7779
19003,52782,4127
19005,55926,14331
19007,41250,13029
19009,58641,6186
19011,64970,26098
19013,57495,129252
19015,66872,26424
19017,68602,24185
19019,61421,21026
19021,53382,19980
19023,59641,14892
19025,50037,9846
19027,61960,20805
19029,48884,13969
19031,63893,18414
19033,60148,44324
19035,56696,12086
19037,50530,12499
19039,54707,9218
19041,56460,16718
19043,53905,18202
19045,58681,49274
19047,53794,16951
19049,84018,61714
19051,52855,8687
19053,48015,8508
19055,59802,17857
19057,53946,40266
19059,59648,16665
19061,61138,92547
19063,55844,10389
19065,52627,20992
19067,52808,16394
19069,52917,10697
19071,59622,7528
19073,60133,9448
19075,68151,12401
19077,61951,11040
19079,61472,15874
19081,55922,11505
19083,57612,17685
19085,63283,15073
19087,53985,20263
19089,55582,9610
19091,57063,9905
19093,58635,7172
19095,64578,16353
19097,54210,19942
19099,56484,37050
19101,55352,16643
19103,74547,126994
19105,59167,20708
19107,53456,10614
19109,61012,15748
19111,50630,35991
19113,69250,207765
19115,54923,11683
19117,56647,9116
19119,57348,11564
19121,67099,15488
19123,57877,22382
19125,65817,33378
19127,55716,40131
19129,73532,15157
19131,63356,10801
19133,51098,9346
19135,53052,7918
19137,50595,10901
19139,61445,42501
19141,59391,14419
19143,58286,6576
19145,52791,16095
19147,57208,9508
19149,69261,24933
19151,56250,7509
19153,70445,419301
19155,60354,91928
19157,65744,19012
19159,51269,5169
19161,54304,10480
19163,64513,162184
19165,55523,12328
19167,60043,33377
19169,74278,87594
19171,55011,17952
19173,48156,6402
19175,50546,12409
19177,50064,7645
19179,49309,35553
19181,74042,45346
19183,60466,21626
19185,44784,6404
19187,54129,38286
19189,58700,10962
19191,61558,21031
19193,55957,101217
19195,56659,7628
19197,53890,13384
20001,51855,13473
20003,47018,8084
20005,52908,16889
20007,48836,4900
20009,51780,27499
20011,48003,15097
20013,46646,10019
20015,66581,64853
20017,54554,2834
20019,49043,3736
20021,48319,21740
20023,47386,2783
20025,60865,2231
20027,56146,8531
20029,44679,9538
20031,57261,8587
20033,50938,1865
20035,51655,36140
20037,49297,38985
20039,44338,3015
20041,56779,19643
20043,53226,7957
20045,68282,109052
20047,50128,3052
20049,40463,2930
20051,62176,28039
20053,54071,6476
20055,56747,36139
20057,52211,32727
20059,58941,25841
20061,50195,30537
20063,47561,2721
20065,62788,2663
20067,60822,7744
20069,59867,5870
20071,63967,1294
20073,49336,6824
20075,37813,2643
20077,46335,6033
20079,59788,34150
20081,60216,4196
20083,54688,1955
20085,59906,13360
20087,65011,19059
20089,47431,3151
20091,90380,531228
20093,50029,3966
20095,55152,7949
20097,44222,2671
20099,48924,21791
20101,57768,1725
20103,73491,74611
20105,50547,3308
20107,53167,9782
20109,57000,2774
20111,48766,34974
20113,68016,29178
20115,55861,12689
20117,56261,10147
20119,52694,4523
20121,70243,32116
20123,54502,6383
20125,51264,35453
20127,54167,5946
20129,55145,3244
20131,57083,10253
20133,48652,16538
20135,55875,3120
20137,56773,5692
20139,57124,16426
20141,47250,3906
20143,59750,6107
20145,48364,6913
20147,54193,5601
20149,66591,20781
20151,56250,9670
20153,50750,2594
20155,49490,64054
20157,50028,5069
20159,51011,10128
20161,56683,69035
20163,47628,5241
20165,48616,3290
20167,45720,6915
20169,57434,54982
20171,65000,4832
20173,61137,486123
20175,46434,22588
20177,61250,175537
20179,52854,2578
20181,49135,6002
20183,47699,3934
20185,51414,4433
20187,51520,2197
20189,54832,5533
20191,62429,24257
20193,64462,7757
20195,51250,2979
20197,61823,7004
20199,56964,1440
20201,51673,5851
20203,50492,2244
20205,48207,9598
20207,45219,3352
20209,47653,155462
21001,40427,18542
21003,45013,19688
21005,63815,21080
21007,48246,8225
21009,48444,41685
21011,37874,11565
21013,32060,28793
21015,77474,114723
21017,46111,19947
21019,51684,49330
21021,48201,28245
21023,45441,8479
21025,29038,14202
21027,43847,19893
21029,59435,72515
21031,42754,12763
21033,48257,12934
21035,54074,36763
21037,68431,89016
21039,42071,5126
21041,48110,10703
21043,40316,27821
21045,35949,15939
21047,42416,72678
21049,55906,35305
21051,28862,22197
21053,28187,10161
21055,45222,9313
21057,33470,6931
21059,55080,95398
21061,45084,12086
21063,33220,7493
21065,36232,14733
21067,66690,288045
21069,47798,14318
21071,32344,39949
21073,61086,49067
21075,35713,6858
21077,47953,8428
21079,46964,16842
21081,45688,24604
21083,45307,36958
21085,43829,25540
21087,47582,11377
21089,51538,36962
21091,53352,8555
21093,56354,100876
21095,32447,29688
21097,51715,18761
21099,40717,18201
21101,52775,45943
21103,50101,15474
21105,52823,4949
21107,49313,46886
21109,28349,13560
21111,59182,729452
21113,55625,47073
21115,39631,23325
21117,66170,158034
21119,35537,16587
21121,30724,31765
21123,47982,14080
21125,43373,58155
21127,35781,15841
21129,32862,7865
21131,35941,11470
21133,42662,24462
21135,35146,13968
21137,41101,24779
21139,45696,9514
21141,47141,26838
21143,47944,8367
21145,55789,65217
21147,26421,18122
21149,46401,9635
21151,55095,81580
21153,38411,13294
21155,48914,19619
21157,53403,31386
21159,30018,13138
21161,47244,17362
21163,47457,28907
21165,41157,6427
21167,55127,21272
21169,40869,10130
21171,37335,11089
21173,46563,25908
21175,39052,14055
21177,43006,31541
21179,52173,42523
21181,43410,7136
21183,43797,23837
21185,89911,58784
21187,56794,10928
21189,22961,4742
21191,52166,14894
21193,39025,28739
21195,40332,65309
21197,38776,12786
21199,42117,62062
21201,48821,2278
21203,37509,17075
21205,45760,23075
21207,40507,17445
21209,68219,44868
21211,68647,40899
21213,50486,17214
21215,64350,16582
21217,44064,24247
21219,44171,12307
21221,49337,14117
21223,52308,8872
21225,52500,15077
21227,57523,109775
21229,49792,11593
21231,31305,20716
21233,49580,13734
21235,35469,36006
21237,22489,7315
21239,67094,24523
22001,44404,61139
22003,43685,25816
22005,72288,102501
22007,51657,23487
22009,38738,42013
22011,51254,35000
22013,40396,14546
22015,62700,113837
22017,49189,253048
22019,54091,189134
22021,46144,10188
22023,62500,7280
22025,41283,10465
22027,40705,17160
22029,37724,20502
22031,49792,26465
22033,60256,435815
22035,26230,7964
22037,46750,20417
22039,43838,34419
22041,39783,20727
22043,46357,21675
22045,49631,73395
22047,51321,33513
22049,50052,16078
22051,59007,431019
22053,52370,31500
22055,60712,215581
22057,56301,95428
22059,49550,14680
22061,48407,45797
22063,61227,122798
22065,38788,12286
22067,39822,28388
22069,42149,39274
22071,46170,295285
22073,50003,152207
22075,67488,22710
22077,53394,22837
22079,51487,130800
22081,43058,9181
22083,42512,20692
22085,45913,24119
22087,45301,27739
22089,66971,52645
22091,34199,11125
22093,59379,22096
22095,57742,46728
22097,41610,84309
22099,51761,51721
22101,46628,54348
22103,72226,228894
22105,50438,118190
22107,34281,5430
22109,57189,111131
22111,48394,22750
22113,53452,57280
22115,47954,50451
22117,37633,46578
22119,44737,41238
22121,54442,23274
22123,41838,11689
22125,55852,15681
22127,40975,15477
23001,55045,107882
23003,47114,72412
23005,71335,279994
23007,48634,30657
23009,60092,54309
23011,56853,121925
23013,55830,40111
23015,58028,34719
23017,48000,57867
23019,54271,152934
23021,43821,17555
23023,66650,35688
23025,47177,52261
23027,50222,38740
23029,43612,33154
23031,65077,197457
24001,52680,74638
24003,97557,527020
24005,78385,799195
24009,102638,87891
24011,65801,32805
24013,95825,167208
24015,75742,100139
24017,98560,143912
24019,56662,32287
24021,95036,229205
24023,56545,30145
24025,88370,242888
24027,119810,279366
24029,63507,20018
24031,111737,947230
24033,82580,854722
24035,89188,46945
24037,89385,102086
24039,49759,26411
24041,76007,37361
24043,65811,146329
24045,62150,96951
24047,67408,51133
24510,47435,620538
25001,75056,217483
25003,64783,131528
25005,70161,546433
25007,77231,16155
25009,81173,735642
25011,65760,71523
25013,61061,462270
25015,80891,157326
25017,97382,1479491
25019,89728,10069
25021,101870,662077
25023,86251,490784
25025,58127,704460
25027,79121,791855
26001,43482,11238
26003,47548,9604
26005,57831,111385
26007,47256,29958
26009,50424,23975
26011,45376,16487
26013,50549,8882
26015,61202,59576
26017,53824,108156
26019,53250,17705
26021,54751,157232
26023,50931,46083
26025,52533,137112
26027,54813,52429
26029,57022,26228
26031,45769,26699
26033,54066,39078
26035,42519,31162
26037,69611,74235
26039,45362,14325
26041,51442,37403
26043,54053,26584
26045,66788,108002
26047,61600,32806
26049,54072,433054
26051,44427,26076
26053,45182,16471
26055,61780,86061
26057,49989,42612
26059,50546,47033
26061,46819,36192
26063,49444,33642
26065,61680,281365
26067,54595,64651
26069,44175,26422
26071,44560,12057
26073,55183,69451
26075,56314,161569
26077,61622,247246
26079,45417,17400
26081,61097,599432
26083,46414,2122
26085,38996,11625
26087,63061,89944
26089,65342,21757
26091,60028,100911
26093,82637,181350
26095,46510,6685
26097,51376,11281
26099,67423,837490
26101,50101,24951
26103,61798,66514
26105,49131,28715
26107,48145,42730
26109,49394,24245
26111,63299,83626
26113,46371,14962
26115,66549,152784
26117,46673,63553
26119,41230,9920
26121,50101,173223
26123,49499,48962
26125,84783,1201113
26127,46424,27029
26129,41810,21862
26131,47330,6976
26133,44613,23681
26135,39335,8884
26137,54110,24445
26139,65474,261376
26141,43797,13697
26143,40015,24932
26145,53171,202336
26147,59969,165719
26149,52586,61848
26151,49005,44010
26153,48141,8640
26155,54363,71621
26157,50262,56543
26159,54499,76585
26161,82184,343947
26163,52946,1870362
26165,46659,32653
27001,47074,16325
27003,78603,327544
27005,55907,32274
27007,54781,43781
27009,63566,38148
27011,54034,5324
27013,63702,62719
27015,60078,26030
27017,61425,34958
27019,92412,88668
27021,51063,28648
27023,58769,12426
27025,72093,52844
27027,65678,57089
27029,46566,8593
27031,56146,5211
27033,51705,11712
27035,55554,61836
27037,87445,393380
27039,75170,19829
27041,59953,35909
27043,53946,14819
27045,59034,20978
27047,56774,31387
27049,68217,45930
27051,52599,6082
27053,81043,1136522
27055,63523,19226
27057,53876,20205
27059,66806,37682
27061,56890,44835
27063,59238,10403
27065,51856,16379
27067,60812,41869
27069,61890,4620
27071,57963,13461
27073,54522,7343
27075,57462,10900
27077,51161,4147
27079,68053,27719
27081,58953,5935
27083,63793,25606
27085,69289,36789
27087,45265,5359
27089,61300,9580
27091,57139,20865
27093,59495,23371
27095,55523,26075
27097,56481,33093
27099,58476,38855
27101,54647,8779
27103,69653,32271
27105,52356,21030
27107,53530,6865
27109,79422,141244
27111,53391,57539
27113,56820,13862
27115,51504,29413
27117,55609,9570
27119,62601,31336
27121,58581,11064
27123,69079,503113
27125,56210,4094
27127,55829,16069
27129,56568,16007
27131,69796,63087
27133,58147,9606
27135,55962,15864
27137,60136,199472
27139,92408,126139
27141,79789,86823
27143,60948,15219
27145,65475,147927
27147,67105,36434
27149,65283,9711
27151,55278,9946
27153,50755,24804
27155,54485,3657
27157,62917,21743
27159,47898,13809
27161,60975,19168
27163,92087,232536
27165,55104,11212
27167,57973,6636
27169,62679,51304
27171,76641,120764
27173,58491,10514
28001,35358,32659
28003,43912,36708
28005,31597,13318
28007,40496,19545
28009,40230,8652
28011,32437,35063
28013,36197,14945
28015,39107,10608
28017,40287,17689
28019,39708,8680
28021,29836,9928
28023,38543,16808
28025,40152,20883
28027,29032,26681
28029,45978,29521
28031,42922,19557
28033,66061,154715
28035,43199,74290
28037,39892,8130
28039,50748,22061
28041,45154,14009
28043,40787,22169
28045,51659,42408
28047,53583,181791
28049,47699,246067
28051,24874,19597
28053,30601,9610
28055,28036,1893
28057,43821,23329
28059,55622,137082
28061,37352,17383
28063,30101,7970
28065,33953,12666
28067,41828,67144
28069,39212,10470
28071,62021,45859
28073,62619,52559
28075,44138,79405
28077,46853,13016
28079,40339,23547
28081,49633,81446
28083,25445,33109
28085,44500,34622
28087,48103,59482
28089,73140,91987
28091,41752,26758
28093,41693,37002
28095,42320,37282
28097,39244,11138
28099,38646,29545
28101,43510,21828
28103,28557,11747
28105,50532,46529
28107,38273,34782
28109,48494,55923
28111,43120,12243
28113,41524,40284
28115,46994,29523
28117,41741,25411
28119,27810,8551
28121,65689,138523
28123,40758,28180
28125,40313,4797
28127,43559,27575
28129,46002,16443
28131,47807,16923
28133,30466,30504
28135,28333,15270
28137,50022,28198
28139,37090,21993
28141,38236,19535
28143,35735,10817
28145,43433,26922
28147,38047,15530
28149,53429,48890
28151,32370,52455
28153,35846,20971
28155,43759,10139
28157,31327,10070
28159,39851,19378
28161,37311,12869
28163,33413,28402
29001,47619,25315
29003,62706,17006
29005,54683,5811
29007,50467,25684
29009,44748,35753
29011,46781,12634
29013,50614,17132
29015,42862,18975
29017,43162,12445
29019,64616,158067
29021,52965,88195
29023,43641,42437
29025,51231,9380
29027,59161,43769
29029,49863,43157
29031,54174,74283
29033,54276,9485
29035,35965,6141
29037,67426,97598
29039,39816,14091
29041,53641,7871
29043,58320,74156
29045,51510,7169
29047,71009,215015
29049,60392,20682
29051,69964,74767
29053,52222,17583
29055,44270,24640
29057,37100,7929
29059,44983,16813
29061,48839,8359
29063,53803,12872
29065,44092,15497
29067,36049,13689
29069,36873,32140
29071,59092,100737
29073,50022,15334
29075,46458,6760
29077,53044,270190
29079,45959,10214
29081,47788,8941
29083,46415,22373
29085,34496,9579
29087,48333,4944
29089,53233,10120
29091,39975,39763
29093,40745,10670
29095,58831,666997
29097,45284,115029
29099,65671,216262
29101,56958,52041
29103,38879,4134
29105,43132,35357
29107,58477,33313
29109,46206,38373
29111,48708,10235
29113,60362,51333
29115,48049,12824
29117,53325,14961
29119,44714,23016
29121,48034,15539
29123,39594,12269
29125,48504,9203
29127,51896,28579
29129,43750,3731
29131,43864,24805
29133,38688,14143
29135,57712,15468
29137,48604,9078
29139,45055,12247
29141,43358,20631
29143,41417,18847
29145,48499,57561
29147,55231,23031
29149,34036,10739
29151,55813,13768
29153,39656,9688
29155,38060,18587
29157,54983,18919
29159,49389,41587
29161,52229,44473
29163,51292,18590
29165,79472,86894
29167,44863,30729
29169,53304,49114
29171,42971,5040
29173,54529,10127
29175,43923,25495
29177,62143,23667
29179,39104,6698
29181,32118,14057
29183,82226,350606
29185,42182,9757
29186,53407,18205
29187,49136,64239
29189,73910,999454
29195,46121,23126
29197,42043,4361
29199,50574,4831
29201,47020,39370
29203,36713,8404
29205,43244,6439
29207,45928,30089
29209,46989,32003
29211,39259,6728
29213,47680,49324
29215,38182,25662
29217,42067,20917
29219,64817,31635
29221,42120,24981
29223,39826,13433
29225,46183,35678
29227,43472,2188
29229,37474,18731
29510,41395,318809
30001,53036,9132
30003,41985,12663
30005,40890,6472
30007,46949,5287
30009,59823,9994
30011,47955,1289
30013,53540,80562
30015,50201,5765
30017,49011,11548
30019,49479,1649
30021,63982,8933
30023,51076,9270
30025,64500,2813
30027,48623,11513
30029,53940,89215
30031,65029,87676
30033,54375,1224
30035,44397,13251
30037,48750,810
30039,47685,3044
30041,55963,16007
30043,67195,11166
30045,54479,1967
30047,47437,28493
30049,65573,61643
30051,44957,2261
30053,39600,19507
30055,56406,1714
30057,52636,7588
30059,40057,2024
30061,44271,4193
30063,58302,107288
30065,47860,4339
30067,50252,15752
30069,39107,598
30071,55362,4206
30073,47656,6145
30075,50156,1659
30077,45339,7077
30079,43500,1089
30081,53004,40013
30083,60236,9498
30085,50146,10273
30087,56282,9134
30089,37514,11366
30091,55313,3505
30093,52288,33797
30095,65438,8934
30097,56552,3717
30099,49102,6105
30101,54722,5143
30103,51458,848
30105,54096,7345
30107,41161,2118
30109,51354,1067
30111,62380,144050
31001,57281,31126
31003,47463,6742
31005,45547,426
31007,52604,720
31009,41719,539
31011,51981,5553
31013,53400,11372
31015,41326,2107
31017,44569,3192
31019,60646,45437
31021,54770,6964
31023,58438,8382
31025,72273,25246
31027,52572,8906
31029,49152,3927
31031,51534,5783
31033,63788,10049
31035,53098,6554
31037,55169,10201
31039,55583,9243
31041,50110,11001
31043,52771,20674
31045,50313,9149
31047,51674,24245
31049,49375,1963
31051,48517,6000
31053,53353,36621
31055,67666,505545
31057,53266,1963
31059,54365,5953
31061,47604,3229
31063,53494,2808
31065,49187,4942
31067,53983,22591
31069,43472,2060
31071,47056,2081
31073,52292,2058
31075,45341,661
31077,53500,2542
31079,54447,56899
31081,57397,9160
31083,53073,3460
31085,50000,1025
31087,40417,2925
31089,54899,10479
31091,50658,690
31093,56406,6302
31095,54017,7708
31097,53578,5211
31099,62718,6552
31101,54350,8356
31103,40156,740
31105,51732,3814
31107,49957,8762
31109,66597,279428
31111,60815,36167
31113,47344,682
31115,43750,635
31117,60000,489
31119,57819,34720
31121,52486,7784
31123,46703,5071
31125,52083,3755
31127,55385,7249
31129,41667,4583
31131,59291,15741
31133,49564,2767
31135,58750,2983
31137,61413,9234
31139,58333,7308
31141,59691,31675
31143,56306,5412
31145,54817,11069
31147,50250,8455
31149,46806,1651
31151,55060,14098
31153,79350,152180
31155,67549,20543
31157,51779,36569
31159,71895,16628
31161,42545,5538
31163,48065,3144
31165,52750,1340
31167,57227,6207
31169,51471,5262
31171,60278,756
31173,46442,6907
31175,49417,4284
31177,77628,20148
31179,56234,9573
31181,45871,3815
31183,50083,751
31185,59091,13886
32001,63599,24946
32003,63888,1895521
32005,73543,47042
32007,75171,47707
32009,57292,892
32011,75179,1724
32013,69032,15986
32015,67157,5545
32017,56167,5060
32019,56106,51515
32021,57064,4812
32023,50218,43878
32027,61410,6703
32029,65121,4016
32031,67428,412844
32033,62946,9765
32510,65389,55375
33001,64875,60142
33003,60086,47772
33005,65936,77445
33007,52825,33445
33009,66253,88356
33011,81794,399555
33013,75268,146785
33015,90463,294638
33017,72286,122158
33019,61959,43643
34001,66920,273162
34003,100310,896482
34005,91185,447861
34007,74385,513574
34009,69978,97684
34011,60642,155456
34013,68683,780872
34015,85832,285223
34017,58968,622123
34019,121166,128458
34021,88694,364445
34023,91543,798882
34025,102074,628112
34027,114694,489811
34029,73672,569374
34031,67208,496204
34033,72537,65982
34035,115214,319347
34037,93701,149996
34039,80818,529547
34041,85635,108982
35001,59809,646881
35003,40906,3652
35005,43464,64268
35006,41187,27179
35007,48450,13827
35009,48933,46924
35011,36618,1772
35013,43184,201670
35015,56646,52665
35017,44360,29706
35019,37535,4698
35021,56563,943
35023,41594,4964
35025,48980,62503
35027,53871,20502
35028,118993,18091
35029,33312,25252
35031,37345,70663
35033,42122,4923
35035,46210,62782
35037,41766,9002
35039,47840,40195
35041,43536,19372
35043,65906,124263
35045,53540,127517
35047,42888,29321
35049,64041,141702
35051,38641,11938
35053,41964,17964
35055,43236,32574
35057,43914,16467
35059,41687,4388
35061,48767,74554
36001,76159,304032
36003,49864,49105
36005,38431,1365725
36007,57545,200804
36009,51227,80776
36011,58761,80431
36013,51031,135263
36015,55246,88708
36017,52229,51045
36019,60280,82380
36021,69132,63241
36023,57743,49452
36025,53590,48220
36027,83599,296152
36029,63404,921202
36031,55781,39416
36033,50816,51697
36035,50425,55497
36037,60127,59952
36039,55260,49410
36041,59911,4908
36043,53288,64332
36045,51834,115069
36047,48777,2466782
36049,49554,27017
36051,63539,65441
36053,61828,72887
36055,65240,741274
36057,53476,49945
36059,107934,1329083
36061,75629,1583345
36063,59471,216064
36065,58017,234533
36067,65929,463704
36069,69877,106298
36071,82480,370201
36073,58535,43169
36075,56364,122220
36077,56797,62604
36079,101576,99545
36081,62459,2199169
36083,68390,158629
36085,83264,463450
36087,96836,305461
36089,50384,111778
36091,81251,217264
36093,70712,153268
36095,61828,32789
36097,54322,18566
36099,53857,35309
36101,52867,98724
36103,96220,1482548
36105,57388,77625
36107,59907,51377
36109,72231,100612
36111,70513,182782
36113,64195,65707
36115,57360,63088
36117,60324,93654
36119,100863,939406
36121,58009,42367
36123,56538,25250
37001,52806,147072
37003,51431,36797
37005,38535,11084
37007,39612,26785
37009,46537,26787
37011,47644,17951
37013,49668,47185
37015,39443,20890
37017,41937,34629
37019,54644,101994
37021,54981,233249
37023,46799,90557
37025,65594,169990
37027,48462,82162
37029,74320,9719
37031,56842,65068
37033,44401,23848
37035,53285,153149
37037,66120,61426
37039,44949,27317
37041,45932,14859
37043,39406,10418
37045,47460,97786
37047,45193,56856
37049,53604,100001
37051,50910,312994
37053,66213,23299
37055,65778,33650
37057,54652,160638
37059,61659,40581
37061,40774,56657
37063,62890,258578
37065,41857,56247
37067,59867,342989
37069,51591,58473
37071,53366,202642
37073,55559,12039
37075,34831,8702
37077,57203,58071
37079,48409,21157
37081,59367,475786
37083,40569,55293
37085,52708,109031
37087,51596,58597
37089,58381,103881
37091,39973,24384
37093,47281,44128
37095,44406,5721
37097,59639,154632
37099,49500,39144
37101,58187,160675
37103,45876,10060
37105,53375,55576
37107,42317,59307
37109,54765,75697
37111,47243,44593
37113,46702,33453
37115,49838,20549
37117,43293,24471
37119,67375,882761
37121,41727,15680
37123,43740,27611
37125,61068,85914
37127,55186,94402
37129,65188,197272
37131,40230,22161
37133,48380,169207
37135,79811,129562
37137,51630,13072
37139,54785,40167
37141,54087,50256
37143,48870,13091
37145,54747,38942
37147,53432,161385
37149,55846,20289
37151,49257,140034
37153,38881,46477
37155,34788,131708
37157,48641,93322
37159,52850,136880
37161,43702,66928
37163,44296,62832
37165,37232,36325
37167,58125,60109
37169,49134,47194
37171,47248,73287
37173,48101,13861
37175,52674,32404
37177,37708,4374
37179,71538,190346
37181,41025,44975
37183,81461,850546
37185,40323,20810
37187,41007,13248
37189,56112,49705
37191,49504,120102
37193,43439,69063
37195,47716,79533
37197,50990,38158
37199,42252,17911
38001,50227,2348
38003,59558,11056
38005,34597,6662
38007,61250,897
38009,60714,6430
38011,63897,3102
38013,62283,1948
38015,71103,78776
38017,68858,144410
38019,57066,4046
38021,53333,5340
38023,65000,2050
38025,65122,3477
38027,47857,2455
38029,45464,3617
38031,55278,3434
38033,47500,1539
38035,65804,66771
38037,53542,2486
38039,51570,2426
38041,49605,2506
38043,47981,2521
38045,60932,4233
38047,52262,2001
38049,54350,5400
38051,46198,2917
38053,58906,6004
38055,62686,8861
38057,71075,8353
38059,62713,26712
38061,63238,7228
38063,51731,3185
38065,75069,1808
38067,61804,7530
38069,55304,4364
38071,56632,11371
38073,59973,5624
38075,63068,2442
38077,64636,16507
38079,35523,13766
38081,59531,3971
38083,43906,1293
38085,31098,4121
38087,55833,727
38089,62560,23486
38091,54625,1977
38093,60171,20984
38095,54609,2289
38097,60054,8190
38099,58429,11286
38101,60361,59461
38103,52400,4276
38105,67875,21194
39001,40305,28578
39003,55549,106586
39005,54177,53341
39007,50227,101867
39009,48170,64455
39011,60318,46023
39013,47214,70403
39015,54184,44618
39017,68539,363465
39019,51700,28988
39021,58433,40140
39023,53678,139374
39025,68485,195312
39027,56208,42416
39029,48948,108609
39031,47931,37046
39033,49647,44294
39035,58064,1293825
39037,53454,52945
39039,54472,39119
39041,101698,166108
39043,61247,77454
39045,65835,143949
39047,48424,28913
39049,62372,1141117
39051,59090,42756
39053,46470,30943
39055,76780,93604
39057,70817,159940
39059,48445,40351
39061,64683,802194
39063,59600,74670
39065,55274,32104
39067,44325,15867
39069,58587,28546
39071,48604,43648
39073,48796,29338
39075,49133,42068
39077,53887,59932
39079,42560,33165
39081,47901,70041
39083,55881,60201
39085,67206,229418
39087,46732,62647
39089,64386,163708
39091,53601,46006
39093,62082,299605
39095,54855,444046
39097,63397,42844
39099,52489,241899
39101,50900,66530
39103,76699,170137
39105,42653,23649
39107,60215,40958
39109,61190,102315
39111,43261,14751
39113,56559,538461
39115,40440,15113
39117,55980,34815
39119,48425,85951
39121,44773,14634
39123,64258,41553
39125,56170,19679
39127,50489,35843
39129,58811,55128
39131,43010,28674
39133,65306,159943
39135,57711,42502
39137,65882,34647
39139,54637,125980
39141,50081,77537
39143,57500,61284
39145,44122,78988
39147,51216,57091
39149,58473,49350
39151,55976,376346
39153,62271,543150
39155,52731,212780
39157,51330,92508
39159,78254,50708
39161,51215,29029
39163,37409,13485
39165,82090,207790
39167,53131,62066
39169,59692,114438
39171,52975,38172
39173,69768,125295
39175,57461,22665
40001,36372,22424
40003,55903,5621
40005,42519,14140
40007,55694,5564
40009,52988,21817
40011,56681,11972
40013,44936,41195
40015,43365,28951
40017,67981,109814
40019,49659,46993
40021,40942,46182
40023,36478,15190
40025,39700,2503
40027,65646,246831
40029,41380,5801
40031,50448,119902
40033,50486,6230
40035,47500,14951
40037,51242,68914
40039,52428,26824
40041,41731,41017
40043,48447,4720
40045,54113,4041
40047,50152,59093
40049,45431,27462
40051,52889,51545
40053,52153,4579
40055,42007,6182
40057,37750,2875
40059,52891,3607
40061,48625,12577
40063,41696,13606
40065,51840,26386
40067,41042,6435
40069,39054,10816
40071,49821,46473
40073,56832,14776
40075,43884,9540
40077,48817,11015
40079,43536,49822
40081,51586,33823
40083,62229,39777
40085,49281,9306
40087,63796,33107
40089,42404,33130
40091,36572,20012
40093,55172,7487
40095,48382,15465
40097,50745,40807
40099,46929,13193
40101,46818,70383
40103,51311,11509
40105,48710,10674
40107,42130,12036
40109,54724,704023
40111,46833,39664
40113,51292,47192
40115,42616,32193
40117,46800,16564
40119,54394,75687
40121,49298,45417
40123,48494,36644
40125,49517,68751
40127,37500,11500
40129,57738,3530
40131,65861,85044
40133,43174,25224
40135,43069,41855
40137,54908,44454
40139,57434,19826
40141,39177,8154
40143,58820,589757
40145,61694,70232
40147,55272,50339
40149,53143,11571
40151,59252,8656
40153,56540,19967
41001,50507,16150
41003,71763,84158
41005,74905,370479
41007,52339,36858
41009,62728,49006
41011,46569,63319
41013,52477,21515
41015,53340,22411
41017,61605,154568
41019,48729,107209
41021,52885,1731
41023,43521,7349
41025,46626,7364
41027,57644,21706
41029,53739,200587
41031,48818,21652
41033,48180,82172
41035,51596,66520
41037,47188,7882
41039,55817,347156
41041,52730,45857
41043,55320,114315
41045,46136,31326
41047,54661,309894
41049,49868,11112
41051,62956,712036
41053,61418,73745
41055,52361,1819
41057,50779,25200
41059,53585,74804
41061,52558,25373
41063,49961,6919
41065,50279,24695
41067,76778,516665
41069,43167,1443
41071,61524,96930
42001,66222,100839
42003,65678,1223066
42005,52085,69489
42007,57201,171569
42009,48825,49882
42011,63724,407310
42013,53166,127071
42015,50142,62415
42017,90274,622859
42019,69464,182554
42021,50900,144741
42023,49922,5197
42025,54918,64563
42027,65121,151411
42029,101760,490571
42031,50697,40290
42033,46735,82131
42035,50055,38970
42037,52959,66642
42039,48557,89153
42041,75000,231336
42043,66023,264823
42045,77879,556468
42047,51889,32480
42049,56144,279234
42051,44114,138807
42053,43750,7585
42055,61410,146558
42057,54946,14839
42059,49488,39003
42061,51969,45830
42063,51227,88745
42065,47051,45244
42067,52489,24385
42069,57846,213731
42071,64672,511250
42073,52370,91682
42075,62174,131341
42077,66004,343946
42079,54843,319120
42081,52124,116376
42083,50000,43853
42085,54160,117296
42087,46598,46583
42089,64763,168080
42091,94592,790497
42093,57011,18152
42095,70457,294536
42097,48708,94099
42099,61221,45599
42101,45619,1504950
42103,62982,56993
42105,47995,17583
42107,53083,148288
42109,51715,39400
42111,48994,78219
42113,48168,6467
42115,51151,43343
42117,48382,41631
42119,52664,44866
42121,48866,55320
42123,52587,41877
42125,63690,206987
42127,53665,52302
42129,60987,365841
42131,56957,28262
42133,67624,428175
44001,87781,50501
44003,77100,167235
44005,82477,83253
44007,61265,628413
44009,87999,126987
45001,45147,25643
45003,57064,156670
45005,25146,10688
45007,53229,183691
45009,41625,16139
45011,41764,22748
45013,65071,155550
45015,56869,169878
45017,51975,15212
45019,61525,342434
45021,46164,54832
45023,42074,33246
45025,41225,46087
45027,40492,34621
45029,40955,38833
45031,46894,68602
45033,34693,31666
45035,63847,129618
45037,57114,26680
45039,40849,24040
45041,48896,134897
45043,54115,60236
45045,59043,436437
45047,49785,68890
45049,43234,21173
45051,51608,258267
45053,45800,23634
45055,53053,60166
45057,46388,72302
45059,45769,67026
45061,35279,19615
45063,64630,252563
45065,43021,10203
45067,38043,33568
45069,32485,29112
45071,49560,37197
45073,52332,73035
45075,40332,92475
45077,53911,117823
45079,61622,372597
45081,45173,19567
45083,53149,278167
45085,45460,106601
45087,42537,29089
45089,33705,34994
45091,65188,214916
46003,55588,2739
46005,56288,16829
46007,38487,3441
46009,51910,7080
46011,63338,31250
46013,58683,36011
46015,58363,5128
46017,28333,1932
46019,52829,9888
46021,48864,1431
46023,46962,9075
46025,55575,3702
46027,61159,13816
46029,60202,27040
46031,36500,4053
46033,58253,8085
46035,54677,19397
46037,47949,5714
46039,55439,4373
46041,40500,5354
46043,53750,3046
46045,56599,4047
46047,53750,7078
46049,55234,2386
46051,56250,7382
46053,44333,4272
46055,60000,1886
46057,54483,5761
46059,52407,3402
46061,52425,3382
46063,46111,1250
46065,70881,16827
46067,52390,7388
46069,61161,1520
46071,41838,2991
46073,44717,2038
46075,56589,1076
46077,56925,5169
46079,57753,11008
46081,60209,23670
46083,75231,41289
46085,45045,3736
46087,57287,5639
46089,47500,2506
46091,56544,4618
46093,54200,25156
46095,35781,2032
46097,54650,2411
46099,64645,165799
46101,61667,6511
46103,57278,97922
46105,55313,2976
46107,53214,2380
46109,46146,10033
46111,56304,2380
46113,25224,13437
46115,60639,6518
46117,54722,2896
46119,58875,1328
46121,29010,9575
46123,49570,5743
46125,57881,8368
46127,71308,13903
46129,51250,5408
46135,62070,22216
46137,22857,2765
47001,55895,74257
47003,46417,44172
47005,40819,16456
47007,36077,12946
47009,56516,121140
47011,48850,97192
47013,37013,40623
47015,45354,13631
47017,46211,28644
47019,39631,57710
47021,61603,38809
47023,47798,16793
47025,40962,31901
47027,42821,7888
47029,37229,35473
47031,50376,52344
47033,45294,14524
47035,42884,54977
47037,56084,612884
47039,41948,11716
47041,44558,18569
47043,53521,48712
47045,44254,38174
47047,63186,37458
47049,37689,17777
47051,49597,41054
47053,47843,49015
47055,45642,29558
47057,38703,22419
47059,43644,68172
47061,33151,13910
47063,48353,61857
47065,58004,328960
47067,31495,6782
47069,43057,27655
47071,37867,25995
47073,42478,56562
47075,40344,19010
47077,45557,27518
47079,48204,32042
47081,49770,24506
47083,42098,8286
47085,49041,18416
47087,40053,11491
47089,48690,50600
47091,34756,18190
47093,62272,423748
47095,36479,7827
47097,37554,27745
47099,43356,41319
47101,47511,12003
47103,53075,32885
47105,59044,47102
47107,47726,52075
47109,41219,25760
47111,39648,21934
47113,52043,97378
47115,46670,28123
47117,49185,29902
47119,56241,79029
47121,39767,11581
47123,44984,44015
47125,55447,163603
47127,57888,6266
47129,45956,21664
47131,47837,31905
47133,42007,21777
47135,37592,7778
47137,41281,5072
47139,44824,16690
47141,46655,70570
47143,42682,31215
47145,51924,54156
47147,58589,64347
47149,63483,250517
47151,39988,22171
47153,41808,13814
47155,48446,87507
47157,55923,922696
47159,50631,19035
47161,47517,13133
47163,50677,155815
47165,65313,155592
47167,57623,59689
47169,52430,7751
47171,47145,18257
47173,38919,19088
47175,32394,5503
47177,43337,39539
47179,51712,119768
47181,45098,17016
47183,44134,34557
47185,40369,25460
47187,100407,174260
47189,70092,109563
48001,52235,58016
48003,55905,14048
48005,47536,85254
48007,51058,23247
48009,63388,9055
48011,64130,1958
48013,48485,44049
48015,62816,27783
48017,50684,7027
48019,52104,20265
48021,60012,72289
48023,49531,3795
48025,46061,31896
48027,55191,294689
48029,55715,1650052
48031,64353,10085
48033,60536,564
48035,50568,18067
48037,53819,91399
48039,76018,300522
48041,57383,185426
48043,56710,8971
48045,41932,1723
48047,25710,7349
48049,47976,38199
48051,57002,17058
48053,58045,42215
48055,50553,37416
48057,51766,21120
48059,49850,13458
48061,33770,393566
48063,42023,12288
48065,64746,6284
48067,44360,30254
48069,38390,7848
48071,74705,32371
48073,45432,50035
48075,49635,7115
48077,58050,10922
48079,42601,3155
48081,52667,3301
48083,33718,8857
48085,94785,738745
48087,50679,3009
48089,52526,20751
48091,75831,102836
48093,45391,13863
48095,54083,4047
48097,57689,38316
48099,51999,74082
48101,38906,1618
48103,57500,4141
48105,51250,3746
48107,41922,6207
48109,41250,2480
48111,51135,6471
48113,53849,2321014
48115,47561,13853
48117,48780,19054
48119,50847,5248
48121,86891,628084
48123,50742,20025
48125,47500,2441
48127,30595,9908
48129,59306,3655
48131,37429,11999
48133,42492,18560
48135,54395,133015
48137,44118,2029
48139,69000,143502
48141,40329,772280
48143,50718,37142
48145,42877,17799
48147,55083,33765
48149,56157,24175
48151,51895,4057
48153,42782,6599
48155,40089,1379
48157,88454,541983
48159,55839,10675
48161,56696,19461
48163,42111,16956
48165,53666,16658
48167,70870,286326
48169,51642,6204
48171,62746,24197
48173,68214,1317
48175,62450,7161
48177,45361,19635
48179,49479,22497
48181,57623,119111
48183,54552,119525
48185,50514,26208
48187,69090,122728
48189,44128,36041
48191,36452,3424
48193,50335,8473
48195,56875,5470
48197,37969,4226
48199,61451,53220
48201,58505,3950999
48203,54598,64484
48205,71332,5963
48207,41806,5842
48209,74471,146439
48211,76176,3668
48213,49108,78299
48215,34106,736973
48217,50716,34854
48219,53461,22933
48221,65844,49816
48223,53041,34540
48225,43742,23642
48227,53289,34285
48229,28125,3441
48231,52975,84836
48233,50255,22094
48235,67604,1673
48237,60365,9072
48239,58561,13987
48241,44593,35248
48243,49635,2340
48245,52625,249349
48247,43409,5211
48249,42515,40631
48251,61462,147611
48253,50888,20157
48255,47917,14880
48257,65761,98402
48259,80801,31515
48261,56339,241
48263,54000,772
48265,52559,48826
48267,52262,4568
48269,80500,219
48271,30833,3555
48273,46772,31611
48275,47292,3708
48277,49256,49536
48279,39977,14092
48281,54500,19677
48283,35352,6709
48285,52365,19217
48287,62487,16499
48289,51730,16640
48291,52951,74922
48293,51631,23170
48295,56523,3218
48297,52083,11507
48299,52880,18992
48301,84306,41
48303,54518,269932
48305,48271,5988
48307,45901,8220
48309,51191,229587
48311,52857,897
48313,46943,13433
48315,40634,10771
48317,45842,4606
48319,55368,3928
48321,48508,36647
48323,32199,52493
48325,56860,45073
48327,54074,2212
48329,64913,132103
48331,50797,24934
48333,45848,4887
48335,46131,9342
48337,55373,19789
48339,76096,427717
48341,50372,21102
48343,49549,13077
48345,41688,1123
48347,44771,63141
48349,49120,47483
48351,47023,14389
48353,48316,14990
48355,52736,334370
48357,60409,9953
48359,59444,2020
48361,58019,82014
48363,48655,27927
48365,53070,23569
48367,71217,112158
48369,43836,10098
48371,46917,15400
48373,38360,45590
48375,43331,120124
48377,33276,7703
48379,49643,10942
48381,70592,116811
48383,54784,3298
48385,34167,3279
48387,43945,12987
48389,36728,13269
48391,52527,7434
48393,61375,877
48395,45265,16574
48397,83639,73311
48399,42307,10492
48401,54843,52016
48403,38681,10653
48405,38461,8996
48407,52267,25859
48409,52856,66100
48411,41362,6023
48413,59141,3343
48415,52431,16579
48417,56058,3182
48419,40172,25423
48421,59148,3000
48423,57225,203393
48425,68942,8200
48427,28143,59989
48429,46142,9562
48431,50690,1160
48433,60227,1434
48435,64648,4257
48437,50399,7828
48439,65351,1743300
48441,53500,129477
48443,40893,850
48445,48279,12498
48447,43478,1814
48449,43872,30995
48451,53584,108000
48453,69646,979712
48455,44600,14451
48457,41112,21472
48459,54592,38685
48461,54583,3243
48463,39327,26285
48465,39912,48088
48467,51373,52362
48469,55013,85813
48471,47219,66353
48473,52899,40831
48475,46613,10505
48477,56039,32949
48479,38521,240346
48481,50077,41036
48483,54495,5235
48485,52514,130976
48487,45365,13637
48489,25399,21769
48491,78040,391715
48493,66791,41264
48495,48393,6933
48497,63719,58054
48499,50923,41625
48501,51241,7706
48503,50571,18298
48505,26406,13609
48507,24768,11658
49001,46426,6431
49003,60518,48221
49005,55136,107078
49007,52106,20765
49009,60938,839
49011,73259,294532
49013,58364,17408
49015,58086,10728
49017,57351,4958
49019,53291,8987
49021,46665,44439
49023,55910,9855
49025,48853,6893
49027,53735,12189
49029,77429,9013
49031,48438,1661
49033,55545,2181
49035,67451,1000155
49037,45653,14299
49039,48952,26651
49041,51860,20438
49043,91286,35295
49045,65618,55398
49047,65516,30991
49049,62938,486067
49051,68892,22176
49053,54315,134033
49055,52500,2706
49057,61300,222849
50001,67721,36841
50003,60642,37122
50005,51503,31214
50007,78283,154729
50009,46263,6359
50011,63009,47547
50013,66686,7105
50015,62364,24040
50017,61221,29059
50019,48845,27256
50021,58790,62278
50023,66968,59379
50025,58814,44438
50027,63387,56891
51001,49727,34066
51003,83894,96633
51005,53205,16406
51007,58029,12517
51009,55211,32315
51011,58954,14653
51013,126947,197467
51015,60506,73201
51017,50974,4779
51019,65508,67697
51021,45534,6873
51023,73032,32867
51025,43018,17707
51027,36829,24459
51029,43589,16874
51031,53566,54174
51033,65949,27844
51035,44882,29985
51036,54536,7205
51037,48266,12644
51041,82226,308633
51043,85946,14013
51045,63134,5173
51047,75462,45749
51049,50007,9855
51051,34077,15966
51053,60400,27449
51057,52810,10901
51059,124316,1048554
51061,97548,64546
51063,50759,15030
51065,74529,25308
51067,53066,54938
51069,68771,75835
51071,48966,17205
51073,68461,36610
51075,91500,21136
51077,40205,15855
51079,60414,18082
51081,49741,12181
51083,44518,36311
51085,87756,99172
51087,75140,300053
51089,42637,54860
51091,51326,2395
51093,71732,34762
51095,86756,64386
51097,49917,6926
51099,87155,22794
51101,75260,15509
51103,55083,11478
51105,41204,25434
51107,130432,291653
51109,62703,32248
51111,41968,12968
51113,65164,13342
51115,55853,9004
51117,46192,32774
51119,63750,10831
51121,65654,92527
51125,57356,14989
51127,78718,17655
51131,47995,12572
51133,60872,12419
51135,44559,15819
51137,63886,32730
51139,51543,24116
51141,41130,18643
51143,49166,63147
51145,81476,27758
51147,49824,22723
51149,71769,35129
51153,99494,379415
51155,48884,34963
51157,75975,7376
51159,60250,9328
51161,74660,91583
51163,53889,22217
51165,58067,74922
51167,42648,28842
51169,43112,23234
51171,61363,41468
51173,43790,32383
51175,56830,18493
51177,84723,120212
51179,101321,124587
51181,67995,7039
51183,48817,12167
51185,43428,44706
51187,72370,37044
51191,51276,54322
51193,59613,17237
51195,41625,41496
51197,47119,29005
51199,92597,64846
51510,102017,133647
51515,41026,6177
51520,39212,17704
51530,46081,6653
51540,62378,42267
51550,77561,219268
51570,64154,17472
51580,47188,5989
51590,39198,43787
51595,39410,5822
51600,110240,22058
51610,142035,11465
51620,41821,8549
51630,65699,23375
51640,38513,6936
51650,61310,139046
51660,53529,47406
51670,43862,22506
51678,62109,6990
51680,50196,73726
51683,79893,36067
51685,75333,13195
51690,43176,14029
51700,57969,181822
51710,51022,242143
51720,49775,3886
51730,44233,32303
51735,92479,12099
51740,52830,96785
51750,58258,16318
51760,47364,201828
51770,46322,95793
51775,64254,24641
51790,57842,23806
51800,76586,82544
51810,73795,435996
51820,47585,20885
51830,71190,13421
51840,56260,25953
53001,43551,17884
53003,52250,21363
53005,69834,167077
53007,57856,70995
53009,54837,70638
53011,67352,414816
53013,53452,3957
53015,55002,101244
53017,55766,37160
53019,43576,7504
53021,52218,71329
53023,55769,2240
53025,50065,85142
53027,49745,72092
53029,68106,78633
53031,59964,29574
53033,87010,1879189
53035,71065,247336
53037,61276,39869
53039,46012,20055
53041,53358,74650
53043,52083,10533
53045,56809,59287
53047,48418,40238
53049,51450,21192
53051,46971,12904
53053,68462,782681
53055,61096,15551
53057,63468,115231
53059,61540,10869
53061,77479,694219
53063,59999,461262
53065,51544,43171
53067,71833,243563
53069,47266,3982
53071,55773,57585
53073,64586,195993
53075,61598,43747
53077,48004,236542
54001,39434,16256
54003,64001,100910
54005,47981,24872
54007,40421,14558
54009,52528,24194
54011,48323,95526
54013,34897,7588
54015,40634,9572
54017,34016,8035
54019,42077,46138
54021,38044,8394
54023,46193,11942
54025,43182,35373
54027,45447,23594
54029,46978,30866
54031,41401,13832
54033,46882,68490
54035,49395,29084
54037,77185,52033
54039,54203,192770
54041,42281,16406
54043,37667,21879
54045,43475,36564
54047,28413,22555
54049,49046,56356
54051,43482,33369
54053,42054,27016
54055,42517,61844
54057,46820,27796
54059,40199,26956
54061,62966,92715
54063,45106,13495
54065,49974,17409
54067,45127,26189
54069,54909,44582
54071,49613,7773
54073,54391,7664
54075,40906,8808
54077,46622,32976
54079,63642,54940
54081,49837,78513
54083,47071,29233
54085,39919,10514
54087,35289,15116
54089,39235,13847
54091,45620,16732
54093,43307,7137
54095,42209,9339
54097,44937,23984
54099,44886,42647
54101,35448,9247
54103,48523,16697
54105,43517,5753
54107,52058,86731
54109,46221,23993
55001,45821,21044
55003,44365,16212
55005,52189,45915
55007,53882,15114
55009,66024,244376
55011,55095,13744
55013,47923,15749
55015,72208,47902
55017,58963,61466
55019,51441,34552
55021,65713,56350
55023,51466,16801
55025,80995,477748
55027,62341,88935
55029,60139,27959
55031,56723,43907
55033,60984,43365
55035,64507,97381
55037,44940,4587
55039,64173,100919
55041,44296,9534
55043,54743,50716
55045,64092,36448
55047,61232,19107
55049,67090,23646
55051,45851,6075
55053,51885,20284
55055,65684,82778
55057,54059,26733
55059,67311,164328
55061,63861,20642
55063,65882,112819
55065,58031,16775
55067,49897,20218
55069,59195,29075
55071,61849,81678
55073,65566,132644
55075,50243,42019
55077,53408,15421
55078,37176,4251
55079,54539,937616
55081,58666,44053
55083,55367,37737
55085,56092,36379
55087,69331,174457
55089,90133,85945
55091,57736,7517
55093,74419,40530
55095,59246,44310
55097,66262,69437
55099,53697,14452
55101,65200,194736
55103,54186,18205
55105,61165,159964
55107,48176,14855
55109,78646,82636
55111,62196,60957
55113,46134,16615
55115,53337,41842
55117,65301,115328
55119,55182,20557
55121,57432,28523
55123,53813,29460
55125,52777,21750
55127,67308,101735
55129,49865,16001
55131,77154,130206
55133,89799,386130
55135,58613,52533
55137,50189,24631
55139,65646,165032
55141,58294,74601
56001,70054,34926
56003,57705,11448
56005,83965,43179
56007,65171,15624
56009,69057,13404
56011,55765,6761
56013,55531,38875
56015,51978,12844
56017,54709,4720
56019,58983,8307
56021,64589,89221
56023,65347,17447
56025,62859,73520
56027,57153,2430
56029,58297,27574
56031,51759,8655
56033,61959,28380
56035,81389,9322
56037,79527,42266
56039,90596,20802
56041,68949,20537
56043,61340,8271
56045,63438,7066
