fips,avg_household_size,pop_dens
1001,2.59,35.85341899
1003,2.61,50.54150356
1005,2.49,11.24798121
1007,2.99,13.973114
1009,2.77,34.51581642
1011,2.75,6.41761955
1013,2.94,9.952770785
1015,2.49,73.348688
1017,2.46,21.89263808
1019,2.41,18.0333283
1021,2.6,24.48066939
1023,2.41,5.526508604
1025,2.57,7.603131652
1027,2.51,8.552331345
1029,2.58,10.29735391
1031,2.56,29.16467291
1033,2.48,35.49694998
1035,2.73,5.682995171
1037,2.55,6.438885282
1039,2.44,13.99370346
1041,2.73,8.792273306
1043,2.64,43.25267563
1045,2.57,33.89312549
1047,2.41,15.79103338
1049,2.69,35.37577983
1051,2.63,50.70144021
1053,2.57,15.24764898
1055,2.62,74.25054812
1057,2.34,10.20180135
1059,2.79,19.21135615
1061,2.5,17.80431585
1063,2.83,5.028100131
1065,2.6,8.925557001
1067,2.52,11.76966574
1069,2.63,69.48209266
1071,2.49,18.65848284
1073,2.47,229.2513381
1075,2.3,8.894097028
1077,2.35,53.51282236
1079,2.57,18.54305046
1081,2.58,101.2278644
1083,2.81,64.16149688
1085,2.43,5.520435979
1087,2.19,12.08354055
1089,2.4,172.2275
1091,2.48,7.722101608
1093,2.41,15.58520673
1095,2.7,64.92182299
1097,2.6,130.2299289
1099,2.61,8.097965626
1101,2.45,111.5782173
1103,2.57,79.38223066
1105,2.82,5.089327131
1107,2.49,8.891346444
1109,2.73,19.18998514
1111,2.56,15.0131423
1113,2.53,35.05587426
1115,2.65,53.370584
1117,2.66,103.8590388
1119,2.4,5.547014404
1121,2.46,42.21915736
1123,2.43,21.89695846
1125,2.71,60.27841134
1127,2.54,31.4801768
1129,2.75,5.948771806
1131,2.77,4.69736954
1133,2.5,15.03833828
2013,2.6,0.189317984
2016,3.72,0.505471803
2020,2.71,67.00029188
2050,3.77,0.171435929
2060,2.45,0.712955928
2068,2.29,0.068195198
2070,3.25,0.104785322
2090,2.61,5.249490983
2100,2.41,0.415544894
2105,2.47,0.125547899
2110,2.53,4.616610188
2122,2.6,1.402885307
2130,2.54,1.097363264
2150,3.05,0.796616254
2158,4.69,0.185386083
2164,2.99,0.022215413
2170,3.29,1.616412301
2180,3.27,0.16681479
2185,3.38,0.042585631
2188,3.97,0.083765592
2195,2.72,0.433274538
2198,2.7,0.4749637
2220,2.37,1.175520142
2230,2.28,0.944050025
2240,3.03,0.106951727
2261,2.93,0.104936773
2275,2.26,0.375226755
2282,2.69,0.034896325
2290,2.68,0.014362075
4001,3.44,2.466163547
4003,2.38,7.909160031
4005,2.68,2.907730578
4007,2.42,4.333306678
4009,3.12,3.163771078
4011,2.92,1.992160031
4012,2.3,1.776302238
4013,2.76,178.541174
4015,2.37,5.977113496
4017,3.08,4.218261644
4019,2.47,42.8548311
4021,2.86,30.20127807
4023,2.99,14.54108112
4025,2.29,10.67714706
4027,2.79,14.55270217
5001,2.33,7.077235454
5003,2.57,8.568999577
5005,2.22,28.71527107
5007,2.72,117.9774558
5009,2.47,24.40204536
5011,2.37,6.510797369
5013,2.61,3.195379922
5015,2.47,17.09180309
5017,2.35,6.48720534
5019,2.31,9.979357949
5021,2.32,9.093629023
5023,2.32,17.5920795
5025,2.47,5.313083763
5027,2.47,12.04300901
5029,2.44,14.61617031
5031,2.5,57.70123977
5033,2.61,40.79968711
5035,2.58,31.00606806
5037,2.51,10.64756188
5039,2.22,4.299625822
5041,2.31,5.974983295
5043,2.49,8.623895565
5045,2.67,72.94679147
5047,2.56,11.27518456
5049,2.39,7.581608118
5051,2.41,55.99985179
5053,2.64,11.05241582
5055,2.6,29.82410541
5057,2.72,11.68517302
5059,2.54,21.03703075
5061,2.59,8.78324092
5063,2.54,18.83321817
5065,2.5,9.017189389
5067,2.33,10.49119353
5069,2.39,31.2545148
5071,2.6,15.38292036
5073,2.37,5.053796893
5075,2.47,10.95289483
5077,2.31,6.021341533
5079,2.34,9.416005919
5081,2.25,9.007542588
5083,2.5,11.86296384
5085,2.66,36.16397177
5087,2.58,7.440154385
5089,2.44,10.63184711
5091,2.53,27.00125271
5093,2.49,18.36285781
5095,2.16,4.609912671
5097,2.35,4.452369013
5099,2.5,5.274363826
5101,2.68,3.691189254
5103,2.36,12.70141532
5105,2.74,7.22554351
5107,2.51,10.56464774
5109,2.47,6.947737181
5111,2.51,12.24652429
5113,2.44,9.076778703
5115,2.66,30.24304863
5117,2.12,4.912934335
5119,2.46,200.1765891
5121,2.31,10.42059243
5123,2.45,15.99262769
5125,2.68,62.97248504
5127,2.69,4.518266116
5129,2.39,4.592572331
5131,2.48,92.52384261
5133,2.92,11.74641335
5135,2.29,10.88689047
5137,2.48,7.924463969
5139,2.47,14.76172209
5141,2.41,9.076268141
5143,2.57,93.66695805
5145,2.56,29.39513161
5147,2.26,4.382376797
5149,2.83,8.954998447
6001,2.81,860.7570749
6003,3.71,0.599280666
6005,2.42,24.56534526
6007,2.55,53.57515906
6009,2.57,17.12260581
6011,2.99,7.201880119
6013,2.86,610.1802904
6015,2.48,10.52293111
6017,2.67,42.19958001
6019,3.16,63.38567736
6021,2.75,8.197380559
6023,2.43,14.69107797
6025,3.87,16.65999073
6027,2.16,0.685856011
6029,3.18,41.92545231
6031,3.16,41.67726795
6033,2.43,19.71137641
6035,2.23,2.651421461
6037,3,960.7427779
6039,3.28,28.00789771
6041,2.4,193.1005061
6043,2.13,4.674251881
6045,2.5,9.626461049
6047,3.31,53.67222176
6049,2.31,0.881376109
6051,2.86,1.794895517
6053,3.3,50.96841445
6055,2.78,72.50862772
6057,2.39,39.9469912
6059,3.02,1541.02667
6061,2.67,104.2928314
6063,2.28,2.827868464
6065,3.27,127.6881106
6067,2.77,603.8906191
6069,3.33,16.52008807
6071,3.3,41.10128555
6073,2.87,302.9941503
6075,2.36,7168.190471
6077,3.16,203.0389818
6079,2.52,32.9240586
6081,2.89,659.1746544
6083,2.92,62.63967412
6085,2.97,574.8383699
6087,2.73,237.46465799999999
6089,2.49,18.31466417
6091,2.34,1.186862083
6093,2.23,2.677418441
6095,2.87,206.0444057
6097,2.6,122.8269245
6099,3.09,139.1865627
6101,2.93,61.43488729
6103,2.6,8.296818814
6105,2.17,1.562009465
6107,3.34,36.85265632
6109,2.25,9.376087587
6111,3.08,177.7279193
6113,2.81,81.79800558
6115,2.83,46.11910409
8001,3,164.5753082
8003,2.5,8.78669511
8005,2.66,308.0717154
8007,2.25,3.691471259
8009,2.11,0.538428946
8011,2.26,1.482547663
8013,2.46,170.6435299
8014,2.46,773.5251676
8015,2.24,7.301362223
8017,2.69,0.442710949
8019,2,9.163100806
8021,2.63,2.441785257
8023,2.19,1.159633689
8025,3.72,2.760578135
8027,2.22,2.42546915
8029,2.45,10.25862867
8031,2.31,1746.533667
8033,2.49,0.666073672
8035,2.79,151.0009727
8037,3.06,12.45931034
8039,2.77,5.249033937
8041,2.64,124.925569
8043,2.12,11.83731376
8045,2.73,7.667957958
8047,2.19,15.2590355
8049,2.54,3.150392993
8051,2.35,1.971192463
8053,2.26,0.303426738
8055,1.95,1.597522272
8057,2.24,0.310082694
8059,2.44,288.1670164
8061,2.39,0.316472037
8063,2.35,1.364245023
8065,2.22,7.769797883
8067,2.44,12.59013432
8069,2.46,50.29906087
8071,2.06,1.146996368
8073,2.33,0.831016797
8075,2.52,4.554648651
8077,2.4,17.39732685
8079,2.14,0.36284133
8081,2.48,1.063089924
8083,2.42,4.929472968
8085,2.38,7.110239919
8087,2.58,8.520276893
8089,2.32,5.606676985
8091,2.15,3.366318394
8093,2.43,3.060796323
8095,2.54,2.42349412
8097,2.53,7.123409994
8099,2.35,2.840156146
8101,2.51,26.6484169
8103,2.54,0.774968455
8105,2.47,4.805762482
8107,2.56,4.065971747
8109,2.44,0.78815115
8111,2.05,0.542015888
8113,2.31,2.390921614
8115,2.27,1.655606826
8117,3.09,19.31275691
8119,2.35,16.71340388
8121,2.24,0.742125633
8123,2.83,28.58676378
8125,2.46,1.644250309
9001,2.72,583.4165304
9003,2.49,470.033815
9005,2.43,76.77098216
9007,2.35,170.7988153
9009,2.52,548.8569872
9011,2.39,156.0796361
9013,2.46,142.3296361
9015,2.5,87.72291173
10001,2.63,115.2242931
10003,2.64,502.7696186
10005,2.42,90.54899837
11001,2.29,4322.952569
12001,2.54,116.1122104
12003,2.92,18.33099273
12005,2.57,92.88574252
12007,2.6,35.43517528
12009,2.49,219.3764634
12011,2.77,612.6877168
12013,2.73,9.829928189
12015,2.28,100.3107253
12017,2.24,94.93927794
12019,2.81,132.3380171
12021,2.55,70.38522842
12023,2.57,33.45442557
12027,2.74,22.07300896
12029,2.28,9.000593262
12031,2.55,467.7286986
12033,2.47,183.0818998
12035,2.62,85.26646662
12037,2.35,8.312154044
12039,2.47,34.41309565
12041,2.5,19.44892619
12043,2.71,6.396443472
12045,2.55,11.20100125
12047,2.44,10.72301185
12049,3.22,16.48852955
12051,3.17,13.3997
12053,2.46,149.2023044
12055,2.44,38.75140638
12057,2.63,521.0066098
12059,2.51,15.66641222
12061,2.6,115.9449839
12063,2.4,20.38294824
12065,2.04,9.105798596
12067,3.43,6.213187459
12069,2.55,136.1988861
12071,2.61,354.8307687
12073,2.43,166.8139264
12075,2.41,13.79768236
12077,2.9,3.865349802
12079,2.45,10.24056807
12081,2.57,194.2390085
12083,2.48,84.68030731
12085,2.41,111.8867742
12086,3.07,552.1870708
12087,2.39,29.97806808
12089,2.55,47.960964
12091,2.52,83.31780277
12093,2.73,20.37434037
12095,2.81,565.2007179
12097,3.4,98.47136801
12099,2.6,284.088504
12101,2.52,264.0275519
12103,2.31,1351.009895
12105,2.84,143.6573523
12107,2.52,38.59923128
12109,2.7,151.366953
12111,2.68,206.3889596
12113,2.68,65.00332156
12115,2.25,285.7580921
12117,2.7,567.9030651
12119,2.04,83.85731716
12121,2.81,24.63015902
12123,2.47,8.177839655
12125,2.5,24.1579477
12127,2.43,184.9915148
12129,2.56,20.2958573
12131,2.42,24.50311443
12133,2.57,16.22262188
13001,2.68,14.01828756
13003,2.95,9.311240898
13005,2.65,15.26007768
13007,2.3,3.600682675
13009,2.54,67.58826619
13011,2.8,30.7975219
13013,3.03,184.3449202
13015,2.75,87.06431394
13017,2.56,26.47984793
13019,2.57,16.20197066
13021,2.54,237.6230669
13023,2.71,22.84919033
13025,2.82,16.17660577
13027,2.44,12.23231715
13029,2.83,31.66554713
13031,2.47,42.71567016
13033,2.73,10.52749269
13035,2.57,49.92067542
13037,2.45,8.851659627
13039,2.64,32.29088126
13043,2.66,17.19879927
13045,2.73,89.76724683
13047,2.67,157.855196
13049,3.31,6.425905488
13051,2.54,255.8861832
13053,2.83,16.71307246
13055,2.54,30.5811718
13057,2.8,221.8137088
13059,2.41,403.5373333
13061,2.45,5.92972984
13063,2.95,759.4524648
13065,2.51,3.194479252
13067,2.65,846.6897774
13069,2.73,28.0050694
13071,2.92,32.18979963
13073,3.13,196.0552786
13075,2.73,29.06445414
13077,2.73,123.0428652
13079,2.62,14.66866007
13081,2.69,32.35111079
13083,2.45,36.01155909
13085,2.72,43.69808396
13087,2.53,17.34890996
13089,2.63,1071.792083
13091,2.45,16.28549963
13093,2.59,13.67379756
13095,2.5,106.9675386
13097,2.87,273.6920768
13099,2.5,7.794360252
13101,2.56,3.668091972
13103,2.85,47.32731502
13105,2.53,21.12744236
13107,2.58,12.76414276
13109,2.55,22.64537743
13111,2.37,24.86526439
13113,2.79,221.2247862
13115,2.6,73.327379
13117,2.98,378.0699634
13119,2.64,33.23399178
13121,2.47,749.0585218
13123,2.55,27.10603808
13125,2.65,8.082208149
13127,2.44,77.27916697
13129,2.77,61.62118087
13131,2.74,21.17483154
13133,2.4,16.90816692
13135,3.11,809.1434093
13137,2.75,61.77157867
13139,3.04,192.5293528
13141,1.97,6.995568868
13143,2.57,39.6220831
13145,2.72,27.95999603
13147,2.47,42.57866856
13149,2.57,15.23138636
13151,2.98,268.1545574
13153,2.67,155.7337104
13155,2.77,10.09811305
13157,2.95,74.74438404
13159,2.69,14.44602729
13161,2.82,17.49091774
13163,2.72,11.56507965
13165,2.57,9.812495124
13167,2.82,12.39782262
13169,2.69,27.98010351
13171,2.71,38.95305074
13173,2.7,20.36437069
13175,2.7,22.6783855
13177,2.73,31.84009173
13179,2.59,46.43059823
13181,2.25,14.31311751
13183,3.22,17.50796876
13185,2.73,88.98728352
13187,2.62,43.60027534
13189,2.62,32.23819688
13191,2.33,12.63872337
13193,2.46,12.99014252
13195,2.67,39.52268532
13197,2.52,8.9495611
13199,2.55,16.26375695
13201,2.46,7.978434865
13205,2.56,16.91088273
13207,2.65,26.32880923
13209,2.71,14.46771444
13211,2.71,20.26622642
13213,2.79,44.33472499
13215,2.6,350.8393599
13217,2.87,150.205821
13219,2.81,77.53671083
13221,2.61,13.00073608
13223,2.96,192.6729203
13225,2.47,69.28779256
13227,2.57,51.29878159
13229,2.68,21.73383004
13231,2.92,32.30892798
13233,2.76,51.78338682
13235,2.55,17.49578798
13237,2.46,24.08701172
13239,2.44,5.810523669
13241,2.44,17.16668982
13243,2.64,6.389714553
13245,2.65,239.8436152
13247,2.89,264.7460085
13249,2.78,12.05448566
13251,2.58,8.364521574
13253,2.51,13.71390191
13255,2.63,127.5010942
13257,2.63,55.33657684
13259,2.2,5.085203438
13261,2.4,24.26936641
13263,2.3,6.292033252
13265,2.71,3.303368003
13267,2.3,20.35864747
13269,2.34,8.397803352
13271,2.6,14.22805918
13273,2.63,10.18791475
13275,2.53,31.7114458
13277,2.56,59.94980729
13279,2.56,28.68971257
13281,2.22,26.48100906
13283,2.39,13.12026026
13285,2.74,65.07102644
13287,2.51,10.77078095
13289,2.71,8.902957893
13291,2.45,27.30169352
13293,2.52,31.29241612
13295,2.62,59.52885189
13297,2.87,106.4910448
13299,2.38,15.28610844
13301,2.26,7.258817371
13303,2.53,11.64315277
13305,2.67,17.90377435
13307,2.37,4.818979543
13309,3.42,10.3735147
13311,2.46,46.39448436
13313,2.84,138.0549123
13315,2.59,9.04013343
13317,2.52,8.128280055
13319,2.77,7.802589675
13321,2.55,13.97434093
15001,2.84,18.94430327
15003,3.05,634.9517851
15005,1.34,2.414867625
15007,3.13,44.45801384
15009,2.99,54.94076903
16001,2.59,163.7075373
16003,2.36,1.138640153
16005,2.69,29.5228912
16007,2.52,2.359204372
16009,2.69,4.515359408
16011,3.07,8.399768947
16013,2.64,3.219398972
16015,2.28,1.455945665
16017,2.4,9.514596564
16019,2.84,23.25677336
16021,2.48,3.514744341
16023,2.43,0.44920357
16025,2.48,0.318446855
16027,2.95,139.5848719
16029,2.61,1.514037097
16031,2.94,3.553855593
16033,3.46,0.235846759
16035,2.06,1.357548779
16037,2.28,0.324825617
16039,2.5,3.318886841
16041,3.08,7.732887224
16043,2.87,2.685581046
16045,2.57,11.76165012
16047,2.78,8.030460038
16049,2.42,0.744058927
16051,3.23,9.873907162
16053,2.97,15.14174383
16055,2.51,47.91421073
16057,2.32,14.08190883
16059,2.14,0.659734273
16061,2.33,3.100451505
16063,3.13,1.710098036
16065,3.6,31.84557978
16067,2.82,10.51458226
16069,2.4,18.27603307
16071,2.71,1.39311591
16073,2.66,0.576771202
16075,2.61,21.86372277
16077,2.96,2.12134991
16079,2.21,1.833726538
16081,2.97,9.525938818
16083,2.69,16.80980654
16085,2.95,1.09569475
16087,2.46,2.664189578
17001,2.38,29.99225904
17003,2.76,10.7082503
17005,2.41,16.96523477
17007,2.84,73.71852195
17009,2.3,8.431176356
17011,2.39,14.82995898
17013,2.62,7.389684233
17015,2.21,12.63341931
17017,2.49,13.01388792
17019,2.35,81.18425593
17021,2.26,18.08415147
17023,2.31,12.1937788
17025,2.3,10.99754848
17027,2.49,30.65007094
17029,2.26,39.29935727
17031,2.61,2134.420727
17033,2.21,16.61337463
17035,2.48,12.12707605
17037,2.64,63.72410485
17039,2.37,15.57998011
17041,2.56,18.26796996
17043,2.69,1097.706801
17045,2.27,10.86302996
17047,2.32,11.29565936
17049,2.49,27.56033687
17051,2.62,11.70653283
17053,2.25,10.65286252
17055,2.4,36.94368005
17057,2.33,15.79639524
17059,2.23,6.164676977
17061,2.58,9.398361553
17063,2.59,46.64480696
17065,2.4,7.303033893
17067,2.4,8.810529687
17069,2.71,8.721837437
17071,2.28,7.016907047
17073,2.43,23.20555427
17075,2.35,9.733358959
17077,2.28,38.70528382
17079,2.61,7.492328536
17081,2.34,25.79999368
17083,2.43,23.07397937
17085,2.22,14.02907606
17087,2.38,14.14742746
17089,2.95,394.6365022
17091,2.63,63.38660191
17093,3.08,150.2481058
17095,2.25,27.48428763
17097,2.8,611.9473932
17099,2.4,37.54987471
17101,2.25,16.79466841
17103,2.28,18.39148611
17105,2.37,13.43849744
17107,2.3,18.24530364
17109,2.42,20.22523095
17111,2.74,196.9447844
17113,2.51,56.52329122
17115,2.33,70.834027
17117,2.39,20.45636741
17119,2.42,143.2523604
17121,2.35,25.68659269
17123,2.35,11.77202362
17125,2.25,9.864005992
17127,2.35,23.48666437
17129,2.35,15.185519620000001
17131,2.33,10.79671493
17133,2.52,34.00712549
17135,2.27,15.91758335
17137,2.22,23.36849172
17139,2.43,16.89759553
17141,2.43,26.1245481
17143,2.43,115.1201013
17145,2.25,18.68972794
17147,2.44,14.44259449
17149,2.34,7.316126073
17151,2.44,4.448703804
17153,2.57,10.8764031
17155,2.4,13.85716437
17157,2.39,21.84206736
17159,2.4,17.0298773
17161,2.33,131.2377894
17163,2.52,154.6589893
17165,2.37,24.62737221
17167,2.31,87.89318766
17169,2.18,6.237462724
17171,2.55,7.766273484
17173,2.35,11.11301667
17175,2.35,7.372807136
17177,2.28,31.07125531
17179,2.4,79.94877325
17181,2.5,15.99374516
17183,2.43,33.70082419
17185,2.35,20.0133439
17187,2.42,12.34242775
17189,2.33,9.714770175
17191,2.32,8.916961044
17193,2.24,10.94427594
17195,2.37,31.82333406
17197,2.98,318.1154816
17199,2.41,61.84074421
17201,2.46,215.2923728
17203,2.59,28.39687664
18001,2.78,40.08179351
18003,2.54,217.3430355
18005,2.56,77.70463936
18007,2.51,8.233768324
18009,2.29,28.36798485
18011,2.58,58.72257117
18013,2.44,18.60542575
18015,2.52,20.73948855
18017,2.52,35.67665338
18019,2.57,119.8157579
18021,2.45,28.36099234
18023,2.64,30.78868401
18025,2.68,13.36770047
18027,2.83,29.60963487
18029,2.62,62.64777877
18031,2.51,27.51656313
18033,2.52,45.44274523
18035,2.35,113.8465819
18037,2.5,38.33111647
18039,2.77,169.7260192
18041,2.39,41.76501177
18043,2.57,200.4267844
18045,2.32,16.08752413
18047,2.59,22.94131686
18049,2.54,21.1833331
18051,2.47,26.61237944
18053,2.36,62.42078621
18055,2.5,22.98602823
18057,2.69,309.5004043
18059,2.59,93.1702752
18061,2.7,31.64581592
18063,2.72,152.7163239
18065,2.45,47.76859054
18067,2.35,108.5658021
18069,2.37,36.70626238
18071,2.58,33.26551785
18073,2.6,23.07748838
18075,2.54,21.11313165
18077,2.32,34.51373468
18079,2.57,28.42732454
18081,2.67,182.6191346
18083,2.35,27.99003863
18085,2.52,57.25465489
18087,3.2,39.60594245
18089,2.59,376.8351487
18091,2.38,71.34668635
18093,2.43,39.21290011
18095,2.4,110.6436258
18097,2.51,919.8842006
18099,2.66,40.55371396
18101,2.36,11.74081825
18103,2.46,37.07835076
18105,2.35,142.2998736
18107,2.42,29.28470884
18109,2.65,66.66490505
18111,2.48,13.47185339
18113,2.58,44.59381316
18115,2.32,26.38409816
18117,2.44,18.94466405
18119,2.38,20.9216928
18121,2.53,14.7560218
18123,2.34,19.35977641
18125,2.37,14.33429022
18127,2.56,155.1921167
18129,2.49,24.13447884
18131,2.41,11.27148482
18133,2.4,30.17790917
18135,2.36,21.40217336
18137,2.5,24.58406455
18139,2.45,15.80268731
18141,2.54,227.030765
18143,2.59,48.14793346
18145,2.46,41.6959742
18147,2.5,19.97423724
18149,2.62,28.65190254
18151,2.34,43.10708625
18153,2.42,17.95244612
18155,2.45,18.59635835
18157,2.5,146.493852
18159,2.38,22.55194746
18161,2.49,17.13372852
18163,2.32,299.58893
18165,2.32,23.38881211
18167,2.36,103.036695
18169,2.31,29.60432149
18171,2.41,8.731197785
18173,2.52,62.13523904
18175,2.57,20.91543017
18177,2.4,64.01937413
18179,2.52,29.31479067
18181,2.45,18.51066263
18183,2.45,38.71472137
19001,2.22,4.831782244
19003,2.19,3.397507664
19005,2.27,8.386120959
19007,2.28,9.71289233
19009,2.06,4.913426442
19011,2.47,13.81681748
19013,2.41,90.75418035
19015,2.35,17.83319785
19017,2.43,21.97208698
19019,2.59,14.28246931
19021,2.55,13.60661307
19023,2.32,9.806636156
19025,2.14,6.626489394
19027,2.3,13.79408452
19029,2.16,9.026137483
19031,2.4,12.29012208
19033,2.17,29.2032628
19035,2.06,7.675106756
19037,2.29,9.262594494
19039,2.36,8.311870359
19041,2.18,11.10377907
19043,2.27,8.764586182
19045,2.35,26.23486556
19047,2.56,9.261827704
19049,2.54,55.12878593
19051,2.73,6.831137227
19053,2.26,5.839279272
19055,2.45,11.53463723
19057,2.31,36.74252075
19059,2.08,17.30620856
19061,2.42,61.44255068
19063,2.1,9.315063516
19065,2.31,10.52861836
19067,2.3,12.23015567
19069,2.4,6.796916751
19071,2.28,5.263174731
19073,2.28,6.10247441
19075,2.37,9.494553801
19077,2.39,6.977844134
19079,2.36,10.11524843
19081,2.24,7.362253331
19083,2.27,11.61542289
19085,2.28,7.836261216
19087,2.39,17.71515424
19089,2.33,7.558112542
19091,2.24,8.502999552
19093,2.26,6.188261505
19095,2.34,10.67013973
19097,2.32,11.77365436
19099,2.41,19.500879
19101,2.46,16.025712
19103,2.39,92.59088846
19105,2.35,13.79608334
19107,2.29,6.799743695
19109,2.22,5.983658257
19111,2.36,25.768240080000002
19113,2.42,119.5965626
19115,2.55,10.7852898
19117,2.32,7.708532684
19119,2.55,7.732552439
19121,2.49,10.93600046
19123,2.44,15.02034603
19125,2.36,23.12270871
19127,2.55,27.15919211
19129,2.58,13.20181439
19131,2.37,8.7494411
19133,2.11,4.893087803
19135,2.32,6.999781518
19137,2.17,9.245217486
19139,2.56,37.9089724
19141,2.24,9.373015524
19143,2.31,5.921980088
19145,2.27,11.08843544
19147,2.28,6.200391523
19149,2.44,11.20455973
19151,2.1,4.613901338
19153,2.53,320.0174034
19155,2.47,37.9810442
19157,2.2,12.28097258
19159,2.39,3.593542221
19161,2.21,6.625930765
19163,2.52,145.2145154
19165,2.27,7.642585061
19167,2.67,17.50981089
19169,2.32,65.34233437
19171,2.48,9.176343253
19173,2.3,4.501244934
19175,2.34,11.34942911
19177,2.49,5.752416083
19179,2.39,31.57485744
19181,2.51,33.44528713
19183,2.5,15.03038264
19185,2.36,4.711928652
19187,2.23,19.82923648
19189,2.16,10.19125402
19191,2.21,11.41847033
19193,2.55,45.29299731
19195,2.33,7.226567749
19197,2.21,8.517437047
20001,2.31,9.747146923
20003,2.52,5.230212046
20005,2.49,14.65251573
20007,2.39,1.611380319
20009,2.42,11.5542922
20011,2.49,8.932705769
20013,2.44,6.536133047
20015,2.6,17.95065849
20017,2.48,1.321045619
20019,2.28,2.034817149
20021,2.5,13.35991581
20023,2.15,1.013438597
20025,2.23,0.813294675
20027,2.35,4.871615365
20029,2.26,4.890089966
20031,2.3,5.109557631
20033,2.3,0.871830565
20035,2.46,12.20689123
20037,2.47,25.60264884
20039,1.89,1.244923019
20041,2.39,8.662222525
20043,2.33,7.590969279
20045,2.39,101.0833249
20047,2.17,1.81598148
20049,2.26,1.53538511
20051,2.39,12.38993784
20053,2.2,3.395507757
20055,2.91,10.95945138
20057,3,12.12300932
20059,2.5,17.26231922
20061,2.66,35.02556585
20063,2.13,0.943579106
20065,2.06,1.093601149
20067,2.91,5.115714933
20069,2.73,2.682686448
20071,2.37,0.595220999
20073,2.2,2.07892651
20075,3.07,1.013577
20077,2.43,2.733593392
20079,2.48,24.71813981
20081,3.01,2.705629722
20083,2.38,0.826984606
20085,2.44,7.835959798
20087,2.45,13.69330407
20089,2.09,1.237263753
20091,2.57,477.3188482
20093,3.07,1.743915297
20095,2.37,3.340637513
20097,2.39,1.349627327
20099,2.47,12.18442316
20101,2.08,0.883707806
20103,2.74,66.68979644
20105,2.4,1.662170248
20107,2.2,6.261931225
20109,2.44,1.011140639
20111,2.35,15.17048729
20113,2.22,12.30581098
20115,2.35,4.91960919
20117,2.34,4.202549527
20119,2.47,1.682047343
20121,2.55,22.21024227
20123,2.28,3.423133399
20125,2.37,19.7792301
20127,2.44,3.090626674
20129,2.47,1.501591773
20131,2.43,5.43773105
20133,2.35,10.89445191
20135,2.21,1.06158934
20137,2.41,2.412358825
20139,2.39,8.691733943
20141,2.07,1.558657342
20143,2.4,3.161757751
20145,2.25,3.434292967
20147,2.25,2.357047716
20149,2.67,10.81224348
20151,2.49,5.033247832
20153,2.12,0.90584952
20155,2.41,19.40502446
20157,2.04,2.522068827
20159,2.36,5.189969677
20161,2.46,47.68079694
20163,2.34,2.218990522
20165,2.16,1.668641256
20167,2.3,3.039553587
20169,2.41,29.47167687
20171,2.4,2.662847404
20173,2.58,198.2078776
20175,3.03,13.69716362
20177,2.41,126.5335231
20179,2.19,1.079931148
20181,2.19,2.181198713
20183,2.14,1.579395489
20185,2.26,2.054217141
20187,2.52,1.170759906
20189,2.92,3.018694584
20191,2.44,7.583249161
20193,2.26,2.810925259
20195,2.01,1.240598197
20197,2.47,3.348043622
20199,2.45,0.665582497
20201,2.29,2.384118733
20203,2.34,1.151483051
20205,2.28,5.942943942
20207,2.14,2.458613973
20209,2.72,418.4522062
21001,2.55,18.33015572
21003,2.67,23.31589108
21005,2.56,42.43425602
21007,2.58,12.65273497
21009,2.53,34.5887888
21011,2.63,16.98977355
21013,2.4,29.23546513
21015,2.76,202.3834146
21017,2.45,26.84294204
21019,2.45,116.1466556
21021,2.45,64.03928685
21023,2.45,15.81994256
21025,2.4,10.28421391
21027,2.58,13.60626856
21029,2.69,103.2955927
21031,2.51,11.54886161
21033,2.43,14.25192729
21035,2.4,38.88396268
21037,2.44,235.395229
21039,2.37,9.866558938
21041,2.61,32.16556487
21043,2.66,25.73102982
21045,2.43,13.72881922
21047,2.56,38.88576193
21049,2.46,54.85553722
21051,2.51,16.96542072
21053,2.62,19.98726953
21055,2.43,9.742567724
21057,2.39,8.492596421
21059,2.43,84.17676813
21061,2.4,15.45250458
21063,2.39,12.38625284
21065,2.58,21.8349095
21067,2.38,433.8783812
21069,2.45,16.03917638
21071,2.38,36.25164412
21073,2.32,93.4339071
21075,2.29,11.64318162
21077,2.8,34.16949365
21079,2.52,29.0761375
21081,2.77,37.28883301
21083,2.53,26.09718483
21085,2.65,20.21768556
21087,2.44,14.87858376
21089,2.52,40.08840324
21091,2.61,17.93766824
21093,2.56,66.94972341
21095,2.36,22.48991942
21097,2.56,23.5230933
21099,2.51,17.43235989
21101,2.42,40.81079235
21103,2.62,21.32703228
21105,2.38,7.279820792
21107,2.41,32.52551379
21109,2.43,14.95775337
21111,2.42,778.0698343
21113,2.69,117.5630452
21115,2.55,33.66765309
21117,2.55,396.7181937
21119,2.33,17.03924339
21121,2.51,31.45054702
21123,2.45,20.89697527
21125,2.61,53.53987233
21127,2.63,14.66293087
21129,2.17,12.48007927
21131,2.41,10.08662946
21133,2.27,25.90845342
21135,2.46,10.78726509
21137,2.49,28.37157269
21139,2.32,11.42171308
21141,2.51,18.77258386
21143,2.12,14.7802121
21145,2.3,101.3342058
21147,2.54,15.95325956
21149,2.42,14.2667498
21151,2.5,79.18923969
21153,2.47,15.85496055
21155,2.47,21.64635424
21157,2.28,39.94224602
21159,2.57,20.04174147
21161,2.51,27.58053737
21163,2.64,35.80829015
21165,2.44,12.14717282
21167,2.49,33.35473342
21169,2.47,13.33542593
21171,2.38,12.4633622
21173,2.61,54.30880936
21175,2.35,13.45842234
21177,2.67,25.67719612
21179,2.56,41.97326654
21181,2.6,14.04646094
21183,2.62,15.82514916
21185,2.97,134.8063456
21187,2.72,11.81153494
21189,2.63,8.729023441
21191,2.71,20.2274497
21193,2.35,30.59418111
21195,2.3,29.68313316
21197,2.49,26.57916715
21199,2.46,37.61562899
21201,2.31,8.280686349
21203,2.53,20.52438963
21205,2.54,33.80245019
21207,2.5,27.02947483
21209,2.58,73.33424745
21211,2.73,47.56735556
21213,2.56,29.77797972
21215,2.7,37.72896853
21217,2.54,36.96236602
21219,2.61,12.73252536
21221,2.39,12.54244908
21223,2.38,21.99016694
21225,2.42,16.66905409
21227,2.53,90.10818904
21229,2.48,15.62616521
21231,2.54,17.36678404
21233,2.56,15.29416243
21235,2.74,31.82517611
21237,2.52,12.55259004
21239,2.52,53.00114511
22001,2.73,36.87236211
22003,2.69,13.00552965
22005,2.82,161.3021959
22007,2.56,25.89877241
22009,2.47,18.9711161
22011,2.75,12.26632947
22013,2.26,6.504831559
22015,2.51,57.95449905
22017,2.53,109.1141448
22019,2.54,72.62153265
22021,2.59,7.289798969
22023,2.52,2.063828365
22025,2.43,5.394858883
22027,2.4,8.261874246
22029,2.45,11.09090819
22031,2.56,11.99008553
22033,2.62,376.5643735
22035,2.15,6.63070011
22037,2.33,16.60468344
22039,2.67,19.60644704
22041,2.49,12.5625307
22043,2.73,13.41875837
22045,2.76,48.88778944
22047,2.7,20.56865747
22049,2.45,10.80317751
22051,2.56,568.4608792
22053,2.69,18.65235746
22055,2.6,344.9383309
22057,2.64,35.4943687
22059,2.7,9.239609885
22061,2.51,38.75901342
22063,2.81,82.27008668
22065,2.45,7.093740468
22067,2.58,12.62446152
22069,2.61,12.01309757
22071,2.44,887.9442128
22073,2.62,98.72412134
22075,2.61,11.56468855
22077,2.46,15.35347669
22079,2.65,38.46738735
22081,2.54,8.551783642
22083,2.64,14.22468189
22085,2.58,10.73135837
22087,3.02,46.73374091
22089,2.78,73.29353389
22091,2.65,9.842380269
22093,2.67,34.13874236
22095,2.77,78.26893586
22097,2.73,34.87325247
22099,2.74,28.15151992
22101,2.58,35.95261205
22103,2.72,115.0206595
22105,2.67,63.67638823
22107,2.55,2.988717991
22109,2.78,35.34650913
22111,2.84,9.894953492
22113,2.74,19.70213394
22115,2.74,14.83067473
22117,2.57,26.79066518
22119,2.38,25.79577098
22121,2.6,51.89708458
22123,2.63,12.00242233
22125,3.06,14.72060896
22127,2.32,5.890165171
23001,2.29,88.65336766
23003,2.23,3.951100932
23005,2.36,134.4200117
23007,2.44,6.829858409
23009,2.24,13.26827489
23011,2.29,54.09850381
23013,2.23,42.11023048
23015,2.17,28.8534917
23017,2.72,10.65676782
23019,2.36,17.24666118
23021,2.25,1.646063948
23023,2.22,53.63021744
23025,2.32,4.989161243
23027,2.27,20.84929659
23029,2.22,4.775067856
23031,2.36,79.1261164
24001,2.3,65.82512308
24003,2.65,528.4397218
24005,2.58,534.0413784
24009,2.85,164.9551742
24011,2.68,39.7352873
24013,2.71,144.4971047
24015,2.74,114.3069038
24017,2.78,132.9772265
24019,2.39,23.03451107
24021,2.67,145.2537914
24023,2.38,17.47424746
24025,2.67,221.7271443
24027,2.77,485.1603249
24029,2.27,27.3066914
24031,2.79,814.4747962
24033,2.87,724.9258165
24035,2.69,51.26963696
24037,2.69,120.0551638
24039,2.34,31.07787965
24041,2.21,53.49765439
24043,2.52,126.3575575
24045,2.61,105.3600627
24047,2.34,42.51432218
24510,2.48,2932.040761
25001,2.24,209.2848818
25003,2.18,53.04016386
25005,2.51,390.1505028
25007,2.68,64.7697872
25009,2.61,612.3264362
25011,2.28,39.1694219
25013,2.54,293.5650603
25015,2.36,118.019676
25017,2.56,753.0895333
25019,2.91,92.90351158
25021,2.58,680.6297135
25023,2.69,300.0827076
25025,2.41,5248.519833
25027,2.58,210.1639701
26001,2.04,5.931269853
26003,2.64,3.879446925
26005,2.65,53.92102964
26007,2.21,19.31776341
26009,2.34,18.81251469
26011,2.24,16.12227532
26013,2.37,3.655915256
26015,2.49,41.92435909
26017,2.35,91.48441331
26019,2.56,21.197698
26021,2.35,105.2725308
26023,2.5,33.22953627
26025,2.43,73.51472524
26027,2.45,40.53988578
26029,2.28,24.31537847
26031,2.24,13.74212731
26033,2.41,9.372935438
26035,2.43,20.94547115
26037,2.62,53.09820863
26039,2.25,9.601162039
26041,2.23,11.93153821
26043,2.27,12.97412949
26045,2.42,73.26986942
26047,2.24,27.28536454
26049,2.41,248.1385245
26051,2.28,19.45875815
26053,2.11,5.399860881
26055,2.4,76.28762679
26057,2.33,27.89690217
26059,2.47,29.58287449
26061,2.54,13.91206727
26063,2.23,14.56719108
26065,2.41,201.0352465
26067,2.64,43.37072155
26069,2.14,17.75237723
26071,2.03,3.712682017
26073,2.58,47.7151145
26075,2.42,87.41753194
26077,2.46,179.6764763
26079,2.42,12.04569854
26081,2.64,292.8105753
26083,1.96,1.522643144
26085,2.53,8.001922192
26087,2.59,52.83187468
26089,2.32,24.06356429
26091,2.44,50.7194931
26093,2.63,128.7462614
26095,2.42,2.732980156
26097,1.99,4.087103862
26099,2.5,699.8635883
26101,2.4,17.40261535
26103,2.39,14.28674789
26105,2.34,22.53091769
26107,2.54,30.0915382
26109,2.14,8.592286346
26111,2.41,62.36493775
26113,2.46,10.25845311
26115,2.5,105.2143241
26117,2.55,34.60108249
26119,2.17,6.540803771
26121,2.53,132.5934611
26123,2.49,22.15734823
26125,2.47,556.7798567
26127,2.53,18.95519222
26129,2.22,14.33948507
26131,2.04,1.757663769
26133,2.5,15.83991701
26135,2.15,5.649489754
26137,2.42,18.2897872
26139,2.71,194.610162
26141,2.17,7.500864573
26143,2.17,17.73229412
26145,2.37,92.98590075
26147,2.44,85.4121096
26149,2.5,46.96898707
26151,2.37,16.59656849
26153,2.36,2.658521495
26155,2.44,49.80663028
26157,2.39,25.55592587
26159,2.55,47.81657698
26161,2.47,200.1470343
26163,2.57,1111.243974
26165,2.51,22.629962
27001,2.02,3.355774681
27003,2.72,317.8925949
27005,2.47,9.915577814
27007,2.54,7.108971232
27009,2.4,37.61666773
27011,2.14,3.87977138
27013,2.42,34.24424159
27015,2.24,15.92903909
27017,2.49,15.93174014
27019,2.78,109.4606279
27021,2.2,5.543212648
27023,2.3,7.979724605
27025,2.63,50.92789964
27027,2.48,23.19904548
27029,2.51,3.4066548
27031,1.94,1.411880747
27033,2.28,6.860833752
27035,2.36,24.69495301
27037,2.59,287.0862611
27039,2.65,18.09049033
27041,2.23,22.55843074
27043,2.22,7.530445672
27045,2.38,9.363680281
27047,2.31,16.66426612
27049,2.34,23.57660276
27051,2.25,4.185268289
27053,2.4,861.2850078
27055,2.25,13.05300211
27057,2.37,8.698506431
27059,2.61,34.53384188
27061,2.28,6.543269942
27063,2.26,5.518239361
27065,2.45,11.84603911
27067,2.49,20.65528477
27069,2.17,1.523938398
27071,2.21,1.572662334
27073,2.14,3.418299557
27075,1.99,1.934660717
27077,2.37,1.133137767
27079,2.54,24.08072321
27081,2.24,4.104994209
27083,2.44,13.96464829
27085,2.38,28.14346915
27087,2.81,3.810728538
27089,2.34,2.042900712
27091,2.27,10.82101817
27093,2.47,14.65436517
27095,2.49,17.35546372
27097,2.4,11.30721277
27099,2.51,21.49557969
27101,2.22,4.576826326
27103,2.42,29.07368911
27105,2.71,11.79157554
27107,2.31,2.901554031
27109,2.48,90.43287249
27111,2.35,11.35525316
27113,2.33,8.882049316
27115,2.57,7.969148816
27117,2.25,7.625646039
27119,2.42,6.188180671
27121,2.17,6.331688418
27123,2.52,1373.486689
27125,2.35,3.578797267
27127,2.4,6.737440087
27129,2.32,5.782590878
27131,2.49,51.21026588
27133,2.3,7.533047083
27135,2.54,3.571336243
27137,2.23,12.36461145
27139,2.92,155.3858522
27141,2.87,83.15061917
27143,2.43,9.777886502
27145,2.53,45.09063611
27147,2.49,32.95902354
27149,2.59,6.702543102
27151,2.19,4.896789923
27153,2.45,9.985919718
27155,2.05,2.2451408920000002
27157,2.4,15.87359205
27159,2.33,9.824684807
27161,2.38,17.15359088
27163,2.68,254.4333331
27165,2.51,9.740561887
27167,2.19,3.261048572
27169,2.4,31.35532941
27171,2.79,77.52473687
27173,2.3,5.019167855
28001,2.55,26.34483607
28003,2.52,35.88420614
28005,2.47,6.593508175
28007,2.56,9.761341766
28009,2.69,7.836628889
28011,2.55,14.35428471
28013,2.47,9.591117351
28015,2.72,6.224560229
28017,2.63,13.29553467
28019,2.58,7.682417421
28021,2.79,7.224334492
28023,2.54,8.892475729
28025,2.52,18.65044155
28027,2.64,16.6338302
28029,2.88,14.26663426
28031,2.77,17.81234204
28033,2.83,142.7718716
28035,2.55,62.56364293
28037,2.55,5.310617435
28039,3.15,19.12378631
28041,2.45,7.42912219
28043,2.54,19.46233744
28045,2.37,38.0046386
28047,2.51,136.3818479
28049,2.62,107.3264588
28051,2.77,9.222988945
28053,2.66,7.877689387
28055,2.17,1.241373363
28057,2.57,17.01531858
28059,2.74,75.86074194
28061,2.46,9.437315628
28063,2.72,5.45513727
28065,2.35,10.86616101
28067,2.69,38.03942488
28069,2.47,5.093219192
28071,2.5,32.67504104
28073,2.74,47.59319855
28075,2.49,42.42785064
28077,2.64,11.32278836
28079,2.72,15.14873331
28081,2.6,72.86541382
28083,2.77,19.37028134
28085,2.63,22.6813684
28087,2.53,45.4032083
28089,2.6,55.92727918
28091,2.57,17.94030858
28093,2.58,19.56630999
28095,2.52,18.08666701
28097,2.18,9.67483601
28099,2.71,19.89379786
28101,2.58,14.38157924
28103,2.64,6.014045636
28105,2.5,41.69167639
28107,2.73,19.2962311
28109,2.58,26.24515785
28111,2.61,7.175499358
28113,2.63,37.51072001
28115,2.88,24.29022523
28117,2.58,23.5949236
28119,2.36,7.02780924
28121,2.62,75.29564324
28123,2.7,18.00808841
28125,2.49,4.03434357
28127,2.82,17.7419576
28129,2.72,9.747403215
28131,2.87,15.92563533
28133,2.67,14.68138043
28135,2.6,8.59369213
28137,2.59,27.17935372
28139,2.71,18.54515252
28141,2.52,17.72437119
28143,2.55,8.636126794
28145,2.82,26.34292915
28147,2.55,13.95663243
28149,2.48,30.88399826
28151,2.54,25.08498098
28153,2.62,9.725940258
28155,2.57,9.014770636
28157,2.73,5.118752942
28159,2.42,11.67237598
28161,2.37,10.26601327
28163,2.71,11.71024944
29001,2.37,17.23537089
29003,2.53,15.5313136
29005,2.06,3.717911062
29007,2.55,14.35392985
29009,2.66,17.60854903
29011,2.37,7.728171676
29013,2.39,7.555966482
29015,2.36,10.41371619
29017,2.58,7.673882055
29019,2.39,99.41363667
29021,2.54,84.24475137
29023,2.55,23.75128649
29025,2.4,8.193956256
29027,2.55,20.74470794
29029,2.77,26.54100904
29031,2.55,52.27181693
29033,2.46,4.915339508
29035,2.6,4.715945821
29037,2.58,56.90980617
29039,2.38,11.34180243
29041,2.63,3.878610694
29043,2.69,57.83181595
29045,2.28,5.203054047
29047,2.62,232.2097386
29049,2.45,18.86931837
29051,2.42,75.67995645
29053,2.49,12.04755146
29055,2.51,12.62606615
29057,2.38,5.980517182
29059,2.6,11.77610429
29061,2.71,5.690563996
29063,2.38,11.51275537
29065,2.43,7.952232527
29067,2.58,6.346587852
29069,2.39,21.71187675
29071,2.5,43.00662407
29073,2.37,10.9699606
29075,2.47,5.236582122
29077,2.27,164.9031583
29079,2.44,8.904548618
29081,2.33,4.57112958
29083,2.34,12.05766505
29085,2.31,9.069544684
29087,2.11,3.718385395
29089,2.63,8.419006275
29091,2.48,16.6982967
29093,2.37,7.171734272
29095,2.41,441.9796225
29097,2.58,72.10268318
29099,2.62,131.327441
29101,2.46,24.99754762
29103,2.52,3.026712691
29105,2.53,17.92770478
29107,2.46,20.02231721
29109,2.57,24.06788678
29111,2.45,7.6655937
29113,2.92,34.2392392
29115,2.37,7.643167885
29117,2.33,10.9353774
29119,2.79,16.33712376
29121,2.54,7.350907175
29123,2.4,9.531744995
29125,2.41,6.509058175
29127,2.36,25.33705272
29129,2.71,3.117163151
29131,2.52,16.32035586
29133,2.38,12.89686587
29135,2.73,14.84578973
29137,2.34,5.159116544
29139,2.29,8.331136413
29141,2.55,13.00961905
29143,2.39,10.19012491
29145,2.57,35.96925233
29147,2.34,9.926797763
29149,2.45,5.23034364
29151,2.61,8.668811026
29153,2.2,4.786813376
29155,2.46,13.34854591
29157,2.47,15.58391918
29159,2.6,23.97969004
29161,2.37,25.74230576
29163,2.43,10.64771721
29165,2.54,90.89432517
29167,2.6,19.16699993
29169,2.88,37.11399762
29171,2.62,3.593702353
29173,2.53,8.397114239
29175,2.72,19.952522
29177,2.57,15.49338692
29179,2.31,3.015836521
29181,2.65,8.398043917
29183,2.64,268.6522511
29185,2.21,5.36725552
29186,2.47,13.8234786
29187,2.38,56.68575765
29189,2.43,759.9012477
29195,2.54,11.80651013
29197,2.8,5.656372927
29199,2.64,4.332410851
29201,2.47,35.6039403
29203,2.56,3.171679413
29205,2.35,4.672262407
29207,2.48,13.84160574
29209,2.42,26.2325202
29211,2.82,3.764006173
29213,2.37,33.41085262
29215,2.53,8.419195202
29217,2.45,9.667138206
29219,2.74,30.54539784
29221,2.61,12.66790806
29223,2.42,6.768118295
29225,2.75,24.81348099
29227,2.33,2.954102851
29229,2.48,10.35972684
29510,2.14,1946.488522
30001,2.23,0.654314038
30003,3.59,1.033353047
30005,2.84,0.614439103
30007,2.39,1.8891289
30009,2.3,1.988486632
30011,2.07,0.152338308
30013,2.3,11.6976558
30015,2.52,0.562649284
30017,2.33,1.208830904
30019,2.02,0.474634872
30021,2.2,1.496116434
30023,2.1,4.769393728
30025,2.12,0.676164257
30027,2.17,1.003042044
30029,2.53,7.444166724
30031,2.4,15.52240319
30033,2.55,0.094202281
30035,3.08,1.766046266
30037,2.15,0.238021614
30039,2.5,0.730775675
30041,2.55,2.189293274
30043,2.59,2.744652136
30045,2.11,0.402893841
30047,2.46,7.712890069
30049,2.35,7.488642018
30051,2.55,0.615610724
30053,2.32,2.068965945
30055,2.29,0.238188064
30057,2.27,0.884294427
30059,2.59,0.317680164
30061,2.43,1.333101286
30063,2.31,17.27000868
30065,2.3,0.993063277
30067,2.08,2.238245101
30069,2.31,0.100745144
30071,2.29,0.309754319
30073,2.75,1.43644547
30075,2.04,0.189527657
30077,2.2,1.138864613
30079,2.44,0.298369405
30081,2.43,6.766403778
30083,2.51,2.104315038
30085,3.47,1.841367561
30087,2.91,0.713128729
30089,2.28,1.611462735
30091,2.12,0.823443132
30093,2.22,18.72154978
30095,2.5,2.022111715
30097,2.35,0.760133429
30099,2.38,1.033411611
30101,2.24,1.00325234
30103,2.13,0.306812412
30105,2.15,0.590349696
30107,2.57,0.583300336
30109,2.31,0.510539111
30111,2.37,23.13797825
31001,2.35,21.6489608
31003,2.35,2.869970753
31005,2.17,0.225609394
31007,2.49,0.360122313
31009,2.2,0.260774045
31011,2.28,2.987909948
31013,2.27,3.981695167
31015,2.23,1.460214964
31017,2.05,0.944584305
31019,2.44,19.55194317
31021,2.2,5.127233038
31023,2.34,5.325150983
31025,2.54,17.80487703
31027,2.42,4.445499238
31029,2.14,1.611891253
31031,2.21,0.375076078
31033,2.2,3.179738737
31035,2.38,4.204495806
31037,2.87,10.09229052
31039,2.36,6.084652306
31041,2.21,1.623503835
31043,2.69,29.68487481
31045,2.17,2.459581421
31047,2.61,9.072036211
31049,2.28,1.662557131
31051,2.45,4.659724922
31053,2.33,26.77064844
31055,2.51,656.4846395
31057,2.28,0.849301948
31059,2.13,3.740430537
31061,2.16,2.0156155079999998
31063,2.23,1.033560721
31065,2.19,2.569606067
31067,2.29,9.792428628
31069,2.08,0.421092294
31071,2.17,1.339384095
31073,2.26,1.698105872
31075,2.3,0.356844403
31077,2.31,1.633007952
31079,2.64,43.34746351
31081,2.44,6.539323541
31083,2.22,2.398373809
31085,2.28,0.510607004
31087,2.32,1.546165195
31089,2.26,1.639703994
31091,1.96,0.369954722
31093,2.39,4.343614272
31095,2.15,4.86749085
31097,2.27,5.33560115
31099,2.42,4.900290674
31101,2.09,2.945592319
31103,2.43,0.395553506
31105,2.3,1.487464399
31107,2.25,2.946855855
31109,2.42,142.9473945
31111,2.31,5.335433147
31113,2.6,0.599457131
31115,2.1,0.400818445
31117,2.23,0.204069379
31119,2.39,23.71004316
31121,2.29,6.200975825
31123,2.36,1.312734764
31125,2.2,3.10711532
31127,2.25,6.638229442
31129,2.19,2.869810904
31131,2.43,9.968883881
31133,2.16,2.396822475
31135,2.34,1.270637464
31137,2.26,6.523378493
31139,2.32,4.820478828
31141,2.51,18.93739637
31143,2.52,4.62869233
31145,2.33,5.81894875
31147,2.08,5.603593945
31149,2.06,0.516950977
31151,2.63,9.609820964
31153,2.72,289.1498948
31155,2.49,10.81906276
31157,2.43,18.93133088
31159,2.38,11.57233115
31161,2.27,0.827895094
31163,2.2,2.075757321
31165,2.19,0.236515051
31167,2.47,5.410380323
31169,2.17,3.430332655
31171,2.21,0.349327722
31173,3.26,7.00427631
31175,2.26,2.870729905
31177,2.45,20.01910761
31179,2.22,8.165474763
31181,2.3,2.39822493
31183,2.3,0.551782334
31185,2.25,9.306082763
32001,2.39,1.880169072
32003,2.76,104.7773624
32005,2.31,26.01935166
32007,2.91,1.175046521
32009,2.15,0.105744821
32011,2.43,0.169210084
32013,2.66,0.67698502
32015,2.73,0.404097487
32017,2.27,0.187869851
32019,2.58,10.25530062
32021,2.26,0.457621869
32023,2.31,0.928097868
32027,2.42,0.422841718
32029,2.44,5.76438581
32031,2.5,27.60229777
32033,2.34,0.423622183
32510,2.33,145.3721513
33001,2.41,58.26447251
33003,2.24,19.8217429
33005,2.37,41.66540897
33007,2.16,6.892993893
33009,2.39,20.29512615
33011,2.53,181.0770805
33013,2.47,61.85570414
33015,2.52,169.417981
33017,2.46,134.7083877
33019,2.39,30.97544782
34001,2.63,186.6445126
34003,2.72,1542.514631
34005,2.63,215.6107178
34007,2.67,885.0013032
34009,2.28,143.8511318
34011,2.77,122.5339021
34013,2.73,2430.062385
34015,2.74,348.783328
34017,2.59,5589.05695
34019,2.56,112.8552591
34021,2.71,634.3949589
34023,2.8,1032.248366
34025,2.64,514.1065673
34027,2.68,414.4534852
34029,2.6,363.7218004
34031,3.03,1046.233338
34033,2.59,73.69160463
34035,2.78,422.3190815
34037,2.63,105.9174896
34039,2.89,2077.943059
34041,2.52,115.1076239
35001,2.52,225.3235596
35003,2.46,0.197339545
35005,2.74,4.165683658
35006,2.84,2.294339254
35007,2.08,1.269172936
35009,2.65,13.79056247
35011,2.88,0.342373576
35013,2.71,21.83262512
35015,2.67,5.309932336
35017,2.28,2.735142715
35019,2.59,0.55842484
35021,2.18,0.083379305
35023,2.43,0.490812579
35025,3.05,6.165546329
35027,2.47,1.556999256
35028,2.41,64.90186053
35029,2.64,3.159397718
35031,3.55,5.160303396
35033,2.96,0.914618967
35035,2.66,3.838797533
35037,2.71,1.124899084
35039,3.12,2.58946426
35041,2.57,3.01756389
35043,2.78,14.64948722
35045,2.91,8.919493131
35047,2.34,2.292482223
35049,2.36,30.10170894
35051,2.02,1.028233873
35053,3.62,0.987564721
35055,2.66,5.76565773
35057,2.67,1.79996145
35059,2.56,0.421424886
35061,2.71,27.49185961
36001,2.3,227.0299683
36003,2.34,17.63858838
36005,2.79,13202.5153
36007,2.34,106.3436213
36009,2.39,22.92557801
36011,2.35,43.4727628
36013,2.35,47.21686759
36015,2.36,81.26735421
36017,2.31,20.89013457
36019,2.33,30.05984747
36021,2.31,37.06052091
36023,2.52,37.25221569
36025,2.27,12.17982076
36027,2.57,142.6173355
36029,2.3,340.609971
36031,2.26,8.124182895
36033,2.35,12.01333702
36035,2.34,41.880882
36037,2.42,45.51733961
36039,2.59,28.40871645
36041,3.95,1.028556276
36043,2.49,17.09745413
36045,2.5,34.82996277
36047,2.69,14475.02544
36049,2.57,8.093460876
36051,2.36,39.05683212
36053,2.54,42.07261082
36055,2.38,437.4604077
36057,2.46,47.3398751
36059,3,1840.443984
36061,2.07,27819.8048
36063,2.35,156.4831231
36065,2.42,73.49927817
36067,2.4,230.2773622
36069,2.39,65.62805041
36071,2.9,179.7740783
36073,2.33,40.63188004
36075,2.48,48.32299623
36077,2.32,23.22022723
36079,2.77,166.0782406
36081,2.91,8158.437153
36083,2.38,94.3461432
36085,2.81,3182.469323
36087,3.17,720.588009
36089,2.34,15.78810561
36091,2.38,108.3842223
36093,2.82,292.3099656
36095,2.38,19.47465415
36097,2.43,21.15696809
36099,2.33,41.28321835
36101,2.37,26.91291732
36103,2.99,630.0681534
36105,2.56,29.99485049
36107,2.42,36.51369922
36109,2.27,83.75559012
36111,2.41,61.57895417
36113,2.31,28.70684208
36115,2.44,28.72095934
36117,2.44,58.09538513
36119,2.71,868.7630666
36121,2.38,26.42298174
36123,2.63,28.55607296
37001,2.43,146.4195117
37003,2.61,55.12519437
37005,2.28,18.07442269
37007,2.47,18.38460003
37009,2.23,24.3309623
37011,2.15,27.31960936
37013,2.42,21.92453498
37015,2.29,10.84789289
37017,2.38,14.9071817
37019,2.32,57.67976134
37021,2.31,149.6625061
37023,2.5,68.42254022
37025,2.76,215.3137563
37027,2.48,66.91171792
37029,2.71,16.78371294
37031,2.28,52.42275604
37033,2.38,20.64641073
37035,2.52,150.7660738
37037,2.42,39.52730186
37039,2.29,23.45075357
37041,2.33,31.76573696
37043,2.13,19.4197422
37045,2.59,80.81165896
37047,2.39,23.16860564
37049,2.4,56.326586
37051,2.55,196.4978597
37053,2.53,38.02387756
37055,2.3,36.00929191
37057,2.49,114.9316993
37059,2.6,61.48313306
37061,2.69,27.98934165
37063,2.37,413.0661931
37065,2.46,40.74050477
37067,2.46,351.818409
37069,2.56,50.95320151
37071,2.62,235.0834095
37073,2.57,13.10727687
37075,2.57,11.31599656
37077,2.62,42.72888447
37079,2.56,30.40886897
37081,2.49,312.9883303
37083,2.38,27.60090416
37085,2.82,84.58897537
37087,2.28,42.15136875
37089,2.32,117.6382408
37091,2.47,26.40568695
37093,2.92,52.69099177
37095,2.68,3.40051688
37097,2.62,116.0105487
37099,2.32,33.21533826
37101,2.82,93.28731529
37103,2.31,7.941273325
37105,2.72,91.01472262
37107,2.42,55.36507148
37109,2.52,106.2885681
37111,2.45,39.58744155
37113,2.17,25.76839886
37115,2.4,18.38131549
37117,2.42,19.50200006
37119,2.57,777.490679
37121,2.31,26.24596882
37123,2.51,21.47453903
37125,2.42,52.92208077
37127,2.5,67.15748107
37129,2.32,450.4417618
37131,2.24,14.52336894
37133,2.71,98.26201274
37135,2.51,138.8280019
37137,2.25,14.62017189
37139,2.51,67.18498084
37141,2.66,26.15386784
37143,2.26,21.0264128
37145,2.46,38.68063514
37147,2.47,104.9774445
37149,2.22,33.23227784
37151,2.53,70.55487528
37153,2.36,36.83225335
37155,2.83,54.3898503
37157,2.41,62.30119042
37159,2.59,105.3842697
37161,2.48,45.43057632
37163,2.66,25.95007128
37165,2.49,42.66062983
37167,2.49,59.71835464
37169,2.35,39.47323116
37171,2.45,52.1554812
37173,2.57,10.42865887
37175,2.28,34.19200208
37177,2.1,4.069740194
37179,2.99,138.3415406
37181,2.59,68.04566958
37183,2.62,484.0293229
37185,2.45,18.02480365
37187,2.37,13.54495067
37189,2.37,66.88043417
37191,2.51,86.43433211
37193,2.38,35.03134634
37195,2.48,85.43582742
37197,2.42,43.41806243
37199,2.37,21.82161709
38001,2.18,0.919113298
38003,2.02,2.80499578
38005,3.01,1.914602497
38007,2.38,0.317931699
38009,2.05,1.524809163
38011,2.23,1.061706473
38013,2.52,0.774245882
38015,2.29,22.1694151
38017,2.28,38.10818851
38019,2.14,0.991599941
38021,2.18,1.695959278
38023,2.02,0.725505176
38025,2.58,0.843341809
38027,2.11,1.417163096
38029,2.12,0.857256796
38031,2.22,1.999015167
38033,2.09,0.725549989
38035,2.18,18.92762217
38037,2.13,0.553851572
38039,2.05,1.234321195
38041,2.23,0.878449452
38043,2.33,0.70295402
38045,2.22,1.381413591
38047,2.09,0.749418756
38049,2.23,1.221167228
38051,1.94,1.05127794
38053,3.16,1.753380816
38055,2.18,1.757861143
38057,2.28,3.173475024
38059,2.21,6.122544916
38061,3.1,2.147448976
38063,1.92,1.14834598
38065,2.45,0.981672527
38067,2.15,2.421474483
38069,2.09,1.596034519
38071,2.21,3.759383435
38073,2.2,2.40027493
38075,2.39,1.098365691
38077,2.23,4.380133041
38079,3.11,6.2433897290000004
38081,2.1,1.746330823
38083,2.04,0.55788079
38085,3.93,1.557332831
38087,2.14,0.223737517
38089,2.47,8.931224583
38091,2.14,1.035447223
38093,2.14,3.660565624
38095,2.14,0.846399517
38097,2.28,3.592037206
38099,2.15,3.254098253
38101,2.42,13.24099277
38103,2.02,1.232182117
38105,2.44,6.328861656
39001,2.54,18.43528327
39003,2.46,99.41870485
39005,2.51,48.81671864
39007,2.51,53.96951051
39009,2.49,50.54941896
39011,2.42,44.03976778
39013,2.46,49.68223263
39015,2.47,34.4162569
39017,2.65,313.0169285
39019,2.44,26.98352715
39021,2.5,34.97825851
39023,2.4,131.5326244
39025,2.61,173.5467612
39027,2.48,39.58094919
39029,2.39,75.49120655
39031,2.5,25.04020235
39033,2.34,40.3807481
39035,2.27,1058.845542
39037,2.45,33.39676244
39039,2.48,35.92080315
39041,2.83,171.6427445
39043,2.36,115.3782918
39045,2.69,117.0455016
39047,2.41,27.21693041
39049,2.47,924.8617766
39051,2.55,40.28660522
39053,2.52,24.98947146
39055,2.63,90.62809664
39057,2.4,154.7781165
39059,2.41,29.03526107
39061,2.33,772.3432857
39063,2.31,55.00347628
39065,2.54,25.88926772
39067,2.43,14.68955905
39069,2.43,25.35218255
39071,2.55,30.0227579
39073,2.5,26.112686450000002
39075,3.45,40.07562584
39077,2.51,45.92191061
39079,2.5,29.87693554
39081,2.36,63.27687522
39083,2.47,44.97621412
39085,2.36,387.4186669
39087,2.55,51.6272581
39089,2.63,97.47807618
39091,2.4,38.1576236
39093,2.49,241.0812951
39095,2.36,489.9833862
39097,2.58,36.45923381
39099,2.29,216.7995986
39101,2.42,62.4866796
39103,2.58,162.4115331
39105,2.49,20.79073257
39107,2.5,34.06963532
39109,2.53,99.53878287
39111,2.35,11.93746325
39113,2.3,445.1215694
39115,2.36,13.63141217
39117,2.74,33.25090811
39119,2.46,50.01043464
39121,2.41,14.01081595
39123,2.25,61.70172325
39125,2.42,17.49738383
39127,2.63,34.05914789
39129,2.67,44.23060638
39131,2.57,24.7420808
39133,2.51,128.8401928
39135,2.53,37.50382619
39137,2.54,27.1799056
39139,2.38,94.59562525
39141,2.47,43.16614992
39143,2.46,56.05385903
39145,2.42,48.32494083
39147,2.42,38.87112962
39149,2.59,46.21247465
39151,2.39,250.6435257
39153,2.37,506.7518997
39155,2.3,126.0650673
39157,2.48,62.95821055
39159,2.68,49.76986219
39161,2.45,26.68768789
39163,2.55,12.27625098
39165,2.68,218.0111163
39167,2.35,37.06671934
39169,2.59,80.86307207
39171,2.34,33.90166936
39173,2.44,81.28457967
39175,2.4,20.97888479
40001,2.84,14.8826669
40003,2.43,2.609946132
40005,2.33,5.491211135
40007,2.63,1.152122952
40009,2.75,9.684911042
40011,2.09,4.006477878
40013,2.61,19.53287138
40015,2.76,8.865771627
40017,3.01,58.86855908
40019,2.59,22.73184655
40021,2.83,25.04226859
40023,2.45,7.46084931
40025,2.23,0.460637106
40027,2.52,198.2719805
40029,2.48,4.198174431
40031,2.66,44.25467632
40033,2.62,3.618406191
40035,2.46,7.349775298
40037,2.64,28.91594453
40039,2.62,11.40516457
40041,2.51,22.02796331
40043,2.83,1.899829565
40045,2.5,1.276646652
40047,2.54,22.68483466
40049,2.64,13.39361015
40051,2.72,19.20248497
40053,2.37,1.704314344
40055,2.4,3.589108409
40057,2.21,1.955687754
40059,2.92,1.429558199
40061,2.6,8.507924809
40063,2.9,6.458634327
40065,2.51,12.21056252
40067,2.56,3.166332713
40069,2.51,6.630386843
40071,2.48,18.84251977
40073,2.71,6.714645735
40075,2.33,3.423462101
40077,2.5,5.612008676
40079,2.64,12.12495101
40081,2.69,14.13096671
40083,2.81,23.90007388
40085,3.07,7.461461164
40087,2.71,26.13700699
40089,2.54,6.877753343
40091,2.32,12.37219882
40093,2.49,3.120390997
40095,2.58,17.01694281
40097,2.55,24.14234951
40099,2.52,12.8676675
40101,2.5,32.91482009
40103,2.42,6.019803977
40105,2.5,7.085638349
40107,2.71,7.562013175
40109,2.56,425.9895277
40111,2.55,21.53175106
40113,2.53,8.131074758
40115,2.55,25.88506875
40117,2.61,11.16390864
40119,2.41,45.96384754
40121,2.37,13.12639847
40123,2.57,20.55752993
40125,2.65,35.2930702
40127,2.47,3.075614374
40129,2.73,1.254602985
40131,2.6,51.89825915
40133,2.65,15.29614109
40135,2.67,23.7180228
40137,2.56,19.51390969
40139,3.07,3.99494895
40141,2.42,3.330782233
40143,2.53,435.1573978
40145,2.7,53.52482117
40147,2.48,48.32717924
40149,2.56,4.399986391
40151,2.47,2.739277816
40153,2.74,6.515945639
41001,2.22,2.011578964
41003,2.4,51.34062774
41005,2.59,83.75337597
41007,2.37,17.97862428
41009,2.61,29.83323986
41011,2.34,15.31503757
41013,2.38,2.895155114
41015,2.13,5.336588466
41017,2.47,23.11291108
41019,2.37,8.305534845
41021,2.22,0.611176039
41023,2.12,0.612521991
41025,2.23,0.275372597
41027,2.59,17.1061539
41029,2.41,29.72381076
41031,2.81,5.013675055
41033,2.34,20.14121644
41035,2.38,4.308182939
41037,2.07,0.372078663
41039,2.39,31.25707027
41041,2.24,18.85655988
41043,2.58,20.74232448
41045,2.63,1.188290765
41047,2.78,109.743371
41049,2.82,2.13251583
41051,2.42,715.2753775
41053,2.68,42.43236446
41055,2.16,0.752407833
41057,2.34,9.133056771
41059,2.69,9.233697886
41061,2.41,4.933658396
41063,2.15,0.849796257
41065,2.41,4.194184323
41067,2.66,310.1644586
41069,2.13,0.320847793
41071,2.72,55.99273285
42001,2.5,75.93345667
42003,2.21,648.1038604
42005,2.34,39.20909708
42007,2.32,148.2328331
42009,2.45,18.54071919
42011,2.61,187.8468263
42013,2.34,90.93865631
42015,2.44,20.6285945
42017,2.6,400.1185087
42019,2.37,91.3441609
42021,2.24,75.46916128
42023,2.06,4.566212902
42025,2.45,64.70895899
42027,2.47,56.1632729
42029,2.65,266.0474171
42031,2.37,24.95053504
42033,2.38,27.05690534
42035,2.53,16.98966779
42037,2.32,52.92346829
42039,2.36,32.86381961
42041,2.37,175.1320535
42043,2.39,201.9232145
42045,2.62,1183.661036
42047,2.2,14.28374092
42049,2.39,133.3443917
42051,2.34,64.62681405
42053,1.99,6.642726411
42055,2.52,76.87362413
42057,2.43,12.80032135
42059,2.37,24.90043264
42061,2.38,20.05043477
42063,2.36,40.01371619
42065,2.35,26.08845165
42067,2.58,24.23260901
42069,2.35,177.9591753
42071,2.63,220.2186681
42073,2.31,94.19382999
42075,2.54,147.9865105
42077,2.56,405.5747841
42079,2.39,137.8517954
42081,2.37,36.09134841
42083,2.26,16.48457402
42085,2.29,64.65631438
42087,2.39,43.54865793
42089,2.91,106.3782509
42091,2.55,656.5915611
42093,2.34,54.23236423
42095,2.55,315.2131093
42097,2.25,77.83131226
42099,2.5,32.15416035
42101,2.57,4531.771822
42103,2.52,39.32009236
42105,2.55,6.047605239
42107,2.32,71.18503147
42109,2.6,47.52070799
42111,2.35,26.93495636
42113,2.1,5.300606117
42115,2.37,19.38256646
42117,2.51,14.03935994
42119,2.42,55.12978945
42121,2.33,29.99105013
42123,2.3,17.48323295
42125,2.4,93.50688126
42127,2.54,27.42372792
42129,2.29,133.2342207
42131,2.49,26.81007779
42133,2.54,189.5970158
44001,2.31,782.2287733
44003,2.36,375.3431064
44005,2.25,313.1220486
44007,2.55,598.297855
44009,2.44,148.0276107
45001,2.51,19.37240492
45003,2.46,60.19984103
45005,2.4,8.717537594
45007,2.52,106.0081343
45009,2.49,14.33037251
45011,2.55,15.19191492
45013,2.51,122.4013952
45015,2.74,73.14238371
45017,2.37,14.90408159
45019,2.45,166.0251337
45021,2.74,55.66818034
45023,2.58,21.4948758
45025,2.52,22.24152394
45027,2.44,21.63904402
45029,2.44,13.72963373
45031,2.48,46.31614806
45033,2.78,29.42579422
45035,2.82,105.5742009
45037,2.65,20.63974653
45039,2.49,12.77783997
45041,2.6,66.83074177
45043,2.43,29.22503388
45045,2.57,245.1195013
45047,2.49,59.66041952
45049,2.66,13.65691346
45051,2.46,109.2951844
45053,2.74,16.44212272
45055,2.58,34.20633477
45057,2.68,62.96831369
45059,2.54,36.08632214
45061,2.51,16.57234354
45063,2.54,158.1527621
45065,2.11,10.32747646
45067,2.72,24.90741962
45069,2.52,21.82936278
45071,2.47,23.32888419
45073,2.38,47.27075452
45075,2.6,30.86966264
45077,2.46,95.373278
45079,2.51,208.1441279
45081,2.77,17.30521151
45083,2.57,144.4493659
45085,2.54,62.11476628
45087,2.35,20.75848345
45089,2.43,13.1408535
45091,2.6,146.7105208
46003,2.23,1.503621827
46005,2.28,5.636125726
46007,3.45,1.12019789
46009,2.19,4.77464071
46011,2.39,16.68723249
46013,2.31,8.754198719
46015,2.23,2.483176222
46017,3.63,1.681499839
46019,2.4,1.746369489
46021,2.17,0.755178034
46023,2.88,3.287268901
46025,2.3,1.480939773
46027,2.24,13.04872079
46029,2.29,15.71901255
46031,3.51,0.651608542
46033,2.07,2.125990404
46035,2.17,17.63827458
46037,2.06,2.066980814
46039,2.36,2.669748283
46041,3.43,0.969075244
46043,2.26,2.619910613
46045,2.45,1.351037913
46047,2.07,1.503231393
46049,2.19,0.913249342
46051,2.2,4.089097249
46053,2.25,1.598123783
46055,2.25,0.44399115
46057,2.62,4.567135659
46059,2.14,0.887149679
46061,3.18,3.018014667
46063,2.25,0.189469124
46065,2.19,9.172911312
46067,2.43,3.47391294
46069,2.16,0.597123449
46071,3.55,0.680900107
46073,2.17,1.488980595
46075,1.82,0.292660933
46077,2.13,2.304355281
46079,2.54,8.624841137
46081,2.17,12.17782292
46083,2.82,36.72729843
46085,2.71,0.909680872
46087,2.38,3.705658954
46089,2.11,0.80301836
46091,2.59,2.255007832
46093,2.44,3.05060014
46095,3.02,0.606918477
46097,2.25,1.509411897
46099,2.41,89.3667699
46101,2.34,4.836466846
46102,4.97,2.643662271
46103,2.42,15.19701245
46105,2.18,0.391014693
46107,2.25,1.042891944
46109,2.63,3.606617053
46111,2.23,1.619700788
46115,2.42,1.68022014
46117,2.37,0.801109688
46119,2.33,0.51046981
46121,3.74,2.821118668
46123,2.21,1.309309422
46125,2.33,5.17085459
46127,2.33,12.71833634
46129,2.25,3.002112486
46135,2.24,16.82898322
46137,3.78,0.553981829
47001,2.45,86.76335586
47003,2.79,38.76843022
47005,2.35,15.77676934
47007,2.77,13.87184444
47009,2.52,88.74484763
47011,2.55,122.7931096
47013,2.42,31.91258985
47015,2.5,20.314177
47017,2.45,18.10034868
47019,2.32,63.80119171
47021,2.65,50.96936621
47023,2.67,23.17400182
47025,2.29,28.08523655
47027,2.39,12.54598431
47029,2.47,31.30451466
47031,2.49,49.08221218
47033,2.68,21.08128157
47035,2.28,33.24205865
47037,2.38,524.5397733
47039,2.48,13.51043522
47041,2.58,24.86317869
47043,2.7,40.97315977
47045,2.44,28.31771478
47047,2.54,21.74475872
47049,2.41,13.93374432
47051,2.41,28.90574331
47053,2.5,31.50016988
47055,2.47,18.43323706
47057,2.56,31.66712655
47059,2.45,42.61423905
47061,2.72,14.27992675
47063,2.58,152.6789637
47065,2.46,254.5437533
47067,2.28,11.43594269
47069,2.43,14.78043343
47071,2.46,17.23497927
47073,2.39,44.71150082
47075,2.47,12.87641416
47077,2.58,20.68507097
47079,2.37,22.18244473
47081,2.66,15.55671412
47083,2.7,15.7607149
47085,2.64,13.32539223
47087,2.51,14.53021139
47089,2.58,74.77965723
47091,2.31,23.01424116
47093,2.43,346.4944717
47095,2.19,17.52754715
47097,2.41,21.51278869
47099,2.63,26.86334744
47101,2.46,16.36430177
47103,2.45,22.82119849
47105,2.53,86.91306118
47107,2.53,47.37264734
47109,2.55,17.76912339
47111,2.51,29.52488839
47113,2.49,67.69833274
47115,2.43,22.02068813
47117,2.58,33.18345915
47119,2.64,56.53325273
47121,2.47,23.66849078
47123,2.56,27.86336705
47125,2.74,140.6349873
47127,2.4,18.88941143
47129,2.5,15.96817982
47131,2.36,21.62768778
47133,2.42,19.59880477
47135,2.34,7.365577626
47137,2.26,12.05364058
47139,2.33,14.90915689
47141,2.36,73.5806145
47143,2.57,39.94427257
47145,2.49,56.61751473
47147,2.69,56.21051169
47149,2.76,191.4947533
47151,2.48,15.92424879
47153,2.66,21.39275549
47155,2.58,62.74662472
47157,2.62,473.7972806
47159,2.54,23.90357374
47161,2.51,11.16966555
47163,2.33,146.3852856
47165,2.71,130.8924075
47167,2.85,51.75439917
47169,3.01,32.32553571
47171,2.29,36.8953964
47173,2.68,33.31807577
47175,2.59,8.054876905
47177,2.54,36.09968672
47179,2.3,150.253193
47181,2.45,8.756484006
47183,2.28,22.37098228
47185,2.63,27.2449927
47187,2.9,144.8367408
47189,2.68,89.69051632
48001,2.69,21.02428029
48003,3.22,4.584174535
48005,2.75,42.39912091
48007,2.58,37.93324765
48009,2.61,3.756773403
48011,2.62,0.813732656
48013,3.15,15.45876401
48015,2.65,17.65700997
48017,3.27,3.311160591
48019,2.58,10.62300586
48021,3.17,35.89726414
48023,2.39,1.598298298
48025,2.92,14.33935601
48027,2.76,125.6914911
48029,3,599.5581109
48031,2.6,6.14007402
48033,2.55,0.286099512
48035,2.51,7.118088885
48037,2.62,40.94769801
48039,2.88,100.3298284
48041,2.57,144.5413721
48043,2.31,0.575429251
48045,2.45,0.663237203
48047,3.23,2.938676197
48049,2.57,15.46694199
48051,2.62,10.46523905
48053,2.68,17.76606423
48055,2.84,29.3176956
48057,2.83,16.61223705
48059,2.57,5.911486775
48061,3.39,182.7492668
48063,2.72,25.26018797
48065,2.66,2.530841245
48067,2.52,12.39828554
48069,3.04,3.361391124
48071,2.96,26.05167617
48073,2.73,19.03201416
48075,2.6,4.005643982
48077,2.55,3.683503049
48079,2.8,1.446608613
48081,1.96,1.387051036
48083,2.41,2.565322929
48085,2.84,433.4078589
48087,2.78,1.259485062
48089,2.75,8.452333459
48091,2.74,93.22629951
48093,2.53,5.556312873
48095,3.51,1.661359051
48097,2.53,17.46488577
48099,2.72,27.66384138
48101,2.37,0.695835228
48103,3.33,2.379852022
48105,2.56,0.499660631
48107,2.83,2.513828595
48109,3.24,0.226972575
48111,2.99,1.86047344
48113,2.79,1145.193915
48115,2.58,5.559697453
48117,3.03,4.874959015
48119,2.56,7.839840233
48121,2.81,354.6578718
48123,2.62,8.680091237
48125,2.48,0.94885164
48127,3.18,3.098092379
48129,2.38,1.41085255
48131,3.09,2.444519895
48133,2.68,7.613648639
48135,3.02,68.09470609
48137,2.98,0.374640418
48139,2.99,69.67134826
48141,3.1,319.2109187
48143,2.82,14.78639166
48145,2.96,8.72565312
48147,2.54,14.81199977
48149,2.71,10.18880085
48151,2.33,1.667760396
48153,2.51,2.285147416
48155,2.46,0.771769618
48157,3.18,331.3226402
48159,2.78,14.49827658
48161,2.63,8.669729906
48163,3.4,6.606140452
48165,3.52,5.222423619
48167,2.69,333.2739017
48169,2.7,2.717453742
48171,2.41,9.562453834
48173,3.31,0.613325116
48175,2.77,3.412790481
48177,2.82,7.48071221
48179,2.64,9.458934503
48181,2.63,53.21147867
48183,2.61,174.4136949
48185,2.73,13.54723861
48187,2.89,84.21585377
48189,2.86,13.10974838
48191,2.31,1.343394301
48193,2.57,3.81938413
48195,2.95,2.328425389
48197,2.58,2.195144099
48199,2.74,24.44235616
48201,2.88,1042.130651
48203,2.81,28.59227683
48205,2.51,1.523068328
48207,2.46,2.483429755
48209,2.78,116.2599464
48211,3.04,1.730094947
48213,2.56,35.55360591
48215,3.58,208.7663614
48217,2.7,14.25411078
48219,2.82,9.844759073
48221,2.56,52.22105783
48223,2.67,18.23601667
48225,2.41,7.199788203
48227,2.85,15.71641016
48229,3.75,0.346184877
48231,2.76,42.3401085
48233,2.98,9.385191216
48235,2.4,0.559576955
48237,2.43,3.747684856
48239,2.79,6.898648982
48241,2.75,14.60405643
48243,2.07,0.380892481
48245,2.54,112.4375645
48247,3.07,1.79496563
48249,3.13,18.38288464
48251,2.85,87.08339862
48253,2.26,8.270735221
48255,2.9,7.947796386
48257,3.14,58.80985742
48259,2.93,24.46863361
48261,2.82,0.157516767
48263,2.22,0.32043027
48265,2.39,17.97486233
48267,2.24,1.360478719
48269,2.51,0.096645027
48271,2.94,1.043285525
48273,2.7,13.76736154
48275,2.7,1.694423633
48277,2.53,21.08113447
48279,2.75,5.038949878
48281,2.63,11.17941385
48283,2.92,1.924142838
48285,2.51,7.939765127
48287,2.69,10.40507438
48289,2.72,6.151550137
48291,2.85,27.28547422
48293,2.76,10.02749114
48295,2.73,1.436825191
48297,2.89,4.502010534
48299,2.41,8.531804258
48301,3.09,0.058883634
48303,2.58,129.959318
48305,2.7,2.514367513
48307,2.44,2.934171152
48309,2.69,92.48574837
48311,2.97,0.224249738
48313,2.49,11.70405069
48315,2.24,10.22113762
48317,3.41,2.369051671
48319,2.49,1.729660721
48321,2.67,12.98070098
48323,3.54,17.49341839
48325,3.03,14.37193047
48327,2.09,0.908725915
48329,2.9,70.4197335
48331,2.58,9.364422736
48333,2.71,2.529585275
48335,2.58,3.626715415
48337,2.38,8.050071102
48339,2.86,205.3210869
48341,3.26,9.355820427
48343,2.43,19.03626021
48345,2.49,0.451040297
48347,2.52,26.74120542
48349,2.74,18.57904398
48351,2.79,5.812971257
48353,2.68,6.335990177
48355,2.73,166.0286344
48357,2.99,4.353767497
48359,2.83,0.537781448
48361,2.6,97.22158024
48363,2.72,11.47789183
48365,2.61,11.15446361
48367,2.9,55.47078511
48369,2.95,4.318567289
48371,2.99,1.280324847
48373,2.48,17.47321699
48375,2.59,51.38693315
48377,2.71,0.713365951
48379,2.63,19.30569599
48381,2.65,56.08887126
48383,3.24,1.23256881
48385,2.67,1.871535184
48387,2.39,4.540197664
48389,3.48,2.215943729
48391,2.74,3.626076071
48393,2.85,0.369782546
48395,2.63,7.626248593
48397,2.94,284.441672
48399,2.69,3.787295325
48401,2.71,22.3942854
48403,2.53,8.211989701
48405,2.41,6.058665011
48407,2.92,18.86888102
48409,2.87,37.33092318
48411,2.5,2.027582768
48413,2.77,0.901740597
48415,2.61,7.351102282
48417,2.66,1.398232697
48419,2.72,12.36456287
48421,2.87,1.279149414
48423,2.85,94.28252666
48425,2.6,18.10375235
48427,3.9,20.16843813
48429,2.72,4.0353116
48431,2.39,0.47706198
48433,2.29,0.583590686
48435,2.59,1.026376474
48437,2.71,3.246146702
48439,2.86,903.0520092
48441,2.62,57.50100154
48443,2.18,0.14114406
48445,2.85,5.47981911
48447,2.21,0.662999944
48449,3.04,31.1215268
48451,2.58,29.7988409
48453,2.57,468.3628628
48455,2.44,8.107741185
48457,2.67,8.978519268
48459,2.87,27.00094529
48461,2.74,1.130322867
48463,3.05,6.71956645
48465,3.07,6.019376385
48467,2.74,24.91390478
48469,2.79,40.25570864
48471,2.47,35.22136929
48473,3.07,37.59734277
48475,2.9,5.353476716
48477,2.62,22.23629541
48479,3.65,31.24823864
48481,2.69,14.77044695
48483,2.4,2.314443856
48485,2.43,81.09581497
48487,2.33,5.132144777
48489,3.48,14.22180693
48491,2.99,181.9645215
48493,3.01,23.15360526
48495,2.99,3.580745035
48497,2.88,27.59556666
48499,2.56,26.21804117
48501,3.2,4.13807592
48503,2.51,7.647754706
48505,3.25,5.556723827
48507,3.4,3.61012777
49001,2.8,0.963125031
49003,3.04,3.561651789
49005,3.18,40.55374337
49007,2.54,5.313401251
49009,3.31,0.339023252
49011,3.29,439.7942758
49013,2.99,2.41291168
49015,2.83,0.88671668
49017,2.74,0.374303192
49019,2.38,1.010895117
49021,3.03,5.820339547
49023,3.18,1.246299196
49025,2.73,0.711250453
49027,2.91,0.744322167
49029,3.45,7.219823534
49031,3.74,0.96927941
49033,3.78,0.881900083
49035,3,583.1622532
49037,3.73,0.754500567
49039,3.09,7.131302246
49041,2.86,4.267987066
49043,2.77,8.361785805
49045,3.26,3.625506481
49047,3.38,3.128779417
49049,3.58,113.7790082
49051,3.17,10.01257034
49053,2.9,25.53460375
49055,2.58,0.422653771
49057,2.97,165.9814234
50001,2.31,18.61112733
50003,2.31,20.54645979
50005,2.39,18.09986548
50007,2.33,116.6051304
50009,2.24,3.611995841
50011,2.62,29.85033365
50013,2.35,32.87212693
50015,2.32,21.26097217
50017,2.3,16.26226653
50019,2.23,14.98095861
50021,2.27,24.61284762
50023,2.26,32.86279321
50025,2.16,21.20963174
50027,2.24,22.07196335
51001,2.36,28.13596811
51003,2.43,56.99600947
51005,2.22,13.21622297
51007,2.66,13.96955997
51009,2.56,25.97196021
51011,2.54,17.99514229
51013,2.18,3442.635855
51015,2.42,29.82422931
51017,2.11,3.20510469
51019,2.48,39.57522961
51021,2.26,6.95986351
51023,2.5,23.69783168
51025,2.38,11.36348173
51027,2.39,16.99802047
51029,2.56,11.32682197
51031,2.38,42.33097538
51033,2.57,22.0885014
51035,2.39,24.18545246
51036,2.45,14.77315106
51037,2.63,9.825264483
51041,2.73,309.4226545
51043,2.51,31.52541172
51045,2.25,6.016918983
51047,2.9,51.37008084
51049,2.46,12.70041679
51051,2.48,17.47948146
51053,2.65,21.69042745
51057,2.43,16.57344405
51059,2.88,1129.205805
51061,2.82,41.18090441
51063,2.4,15.87900692
51065,2.55,35.34282556
51067,2.37,31.43790306
51069,2.71,79.57468414
51071,2.39,18.17326423
51073,2.5,65.87453804
51075,2.53,30.931579
51077,2.28,13.81816123
51079,2.62,48.06060325
51081,2.29,15.2478069
51083,2.42,16.42137718
51085,2.66,86.19196373
51087,2.54,538.0908406
51089,2.36,52.09423569
51091,1.97,2.059023667
51093,2.52,44.48767262
51095,2.54,201.1067399
51097,2.5,8.639625114
51099,2.82,55.66270872
51101,2.66,23.25252503
51103,2.08,31.2942736
51105,2.47,21.4025546
51107,3.06,288.317756
51109,2.6,27.53357204
51111,2.61,10.98115119
51113,2.54,15.82158638
51115,2.22,39.5327671
51117,2.53,19.04720888
51119,2.31,31.69861802
51121,2.5,97.80916474
51125,2.28,12.14870629
51127,2.65,38.79298696
51131,2.26,21.80808623
51133,2.15,24.65466112
51135,2.45,19.03555833
51137,2.61,40.30898953
51139,2.52,29.57719489
51141,2.28,14.27753533
51143,2.3,24.57499339
51145,2.54,42.39988143
51147,2.51,25.32667924
51149,2.98,55.13934016
51153,3.22,525.2628815
51155,2.28,41.32659225
51157,2.46,10.62761296
51159,2.29,17.90188511
51161,2.38,144.2166524
51163,2.48,14.56857294
51165,2.51,36.09542556
51167,2.45,22.34797874
51169,2.43,15.85906997
51171,2.46,32.71150971
51173,2.35,26.56904103
51175,2.51,11.55962629
51177,3,126.3714018
51179,3.03,206.5466381
51181,2.39,9.135254713
51183,2.06,9.046380986
51185,2.38,31.31740226
51187,2.69,70.99727487
51191,2.36,37.43397086
51193,2.3,29.69606172
51195,2.38,37.34795996
51197,2.4,24.18978897
51199,2.69,249.4741948
51510,2.21,4046.493213
51520,2.22,503.9769988
51530,2.32,383.7539484
51540,2.37,1772.923952
51550,2.75,271.2555353
51570,2.47,903.3525249
51580,2.28,394.1021087
51590,2.16,374.5065476
51595,2.43,300.9327573
51600,2.72,1476.545205
51610,2.66,2654.018242
51620,2.29,380.7806276
51630,2.44,1051.790825
51640,2.28,311.1745899
51650,2.44,1018.340272
51660,2.74,1188.886976
51670,2.41,835.53574390000006
51678,1.93,1098.408436
51680,2.47,631.7360439
51683,3.25,1625.070068
51685,3.49,2511.654041
51690,2.25,461.6830877
51700,2.47,1006.30368
51710,2.49,1779.834904
51720,2.16,206.0299865
51730,2.34,540.8614293
51735,2.6,302.2038591
51740,2.52,1105.078045
51750,2.68,703.4623074
51760,2.37,1442.146687
51770,2.32,904.6484086
51775,2.33,678.6850398
51790,2.2,473.9327215
51800,2.67,86.24469607
51810,2.6,710.1799674
51820,2.38,565.5191575
51830,2.26,638.6440087
51840,2.54,1167.139657
53001,3.26,3.901559352
53003,2.41,13.55857989
53005,2.71,44.09960568
53007,2.66,10.0131002
53009,2.24,16.54104323
53011,2.69,285.9036491
53013,2.23,1.778518857
53015,2.51,35.58128382
53017,2.72,8.780166107
53019,2.38,1.327641282
53021,3.36,28.19276626
53023,2.21,1.208003087
53025,3.06,13.66887645
53027,2.44,14.61430512
53029,2.31,151.16567
53031,2.11,6.605031399
53033,2.46,394.8557332
53035,2.51,256.478252
53037,2.35,7.533642585
53039,2.48,4.413807036
53041,2.51,12.36463646
53043,2.3,1.743694107
53045,2.61,25.20310389
53047,2.31,3.05278394
53049,2.31,8.808827018
53051,2.26,3.644973251
53053,2.65,199.0552976
53055,2.03,36.57179587
53057,2.55,27.65011534
53059,2.47,2.705541935
53061,2.68,145.5609686
53063,2.43,108.9811133
53065,2.52,6.890758741
53067,2.51,146.7926993
53069,2.24,6.151638319
53071,2.47,18.31232697
53073,2.49,39.71331035
53075,2.33,8.689018867
53077,2.98,22.41575481
54001,2.52,18.93951433
54003,2.61,136.4498415
54005,2.48,17.56549137
54007,2.54,10.79518704
54009,2.18,98.56552662
54011,2.3,130.9605756
54013,2.57,10.22602104
54015,2.67,9.919635136
54017,2.95,10.30820666
54019,2.38,25.75092717
54021,2.47,9.358771578
54023,2.53,9.415308783
54025,2.27,13.38240761
54027,2.36,14.08584133
54029,2.32,138.7193411
54031,2.49,9.177860175
54033,2.45,63.30566415
54035,2.58,24.12771551
54037,2.62,103.6373274
54039,2.3,79.52584488
54041,2.44,16.24122175
54043,2.67,18.62130124
54045,2.4,28.7616404
54047,2.29,13.90876411
54049,2.4,70.65279753
54051,2.55,40.00311004
54053,2.42,24.14576217
54055,2.38,55.74156947
54057,2.37,32.12303315
54059,2.29,22.57541655
54061,2.56,112.8548858
54063,2.33,10.99861625
54065,2.44,29.70526622
54067,2.4,15.11587899
54069,2.31,155.224963
54071,2.19,3.913999285
54073,2.42,22.27546376
54075,2.3,3.502970421
54077,2.51,20.13604234
54079,2.6,63.27692094
54081,2.35,48.62138983
54083,2.38,10.79355424
54085,2.51,8.484183822
54087,2.48,11.3420203
54089,2.2,13.93929225
54091,2.48,37.88144123
54093,2.21,6.474592811
54095,2.67,13.42083618
54097,2.49,26.78804072
54099,2.57,31.06248326
54101,2.22,5.942176683
54103,2.63,16.83651403
54105,2.32,9.626352729
54107,2.35,90.12947947
54109,2.45,16.78314146
55001,2.2,12.00365698
55003,2.31,5.805334489
55005,2.33,20.24490268
55007,2.13,3.916718463
55009,2.43,189.2196973
55011,2.29,7.522769421
55013,2.07,7.170697467
55015,2.53,60.42036361
55017,2.39,24.36602328
55019,2.65,11.00859372
55021,2.33,28.7246932
55023,2.34,11.02051478
55025,2.35,170.9771651
55027,2.41,38.70069472
55029,2.05,21.9814925
55031,2.23,12.84804206
55033,2.43,20.20886208
55035,2.43,62.33524773
55037,2.13,3.430539987
55039,2.39,54.89984741
55041,2.16,3.432971861
55043,2.47,17.44813292
55045,2.41,24.37023942
55047,2.34,20.71875952
55049,2.38,11.95719362
55051,1.86,2.910323624
55053,2.39,8.019932341
55055,2.46,58.73553431
55057,2.31,13.29845005
55059,2.58,239.067524
55061,2.45,22.95502266
55063,2.38,100.7198938
55065,2.49,10.19814104
55067,2.2,8.49807714
55069,2.16,12.23639532
55071,2.27,52.02609895
55073,2.41,33.79720586
55075,2.13,11.18398201
55077,2.29,12.88427892
55078,3.14,4.943762846
55079,2.44,1525.658962
55081,2.51,19.50088167
55083,2.34,14.537066190000001
55085,2.26,12.25093863
55087,2.49,111.8825436
55089,2.44,146.2840382
55091,2.31,12.08531652
55093,2.53,27.9915072
55095,2.34,18.31064911
55097,2.37,34.03568264
55099,2.01,4.153340903
55101,2.49,226.8381087
55103,2.24,11.55310319
55105,2.46,86.97423732
55107,2.19,5.994272278
55109,2.59,46.98626536
55111,2.4,29.52890454
55113,2.1,5.025763379
55115,2.37,17.72640377
55117,2.37,86.95694423
55119,2.33,8.060764469
55121,2.43,15.50614807
55123,2.49,14.88486802
55125,1.96,9.720213475
55127,2.48,71.60799887
55129,2.19,7.599367804
55131,2.47,120.6200114
55133,2.5,280.1570664
55135,2.26,26.56527306
55137,2.32,14.87042915
55139,2.31,150.9318152
55141,2.24,35.67561459
56001,2.24,3.441773464
56003,2.59,1.464795836
56005,2.69,3.835883282
56007,2.31,0.756628568
56009,2.57,1.270110157
56011,2.51,1.002290125
56013,2.61,1.684899931
56015,2.46,2.331241154
56017,2.07,0.901482712
56019,2.2,0.791415419
56021,2.44,14.04356168
56023,2.67,1.801124318
56025,2.4,5.827834773
56027,2.19,0.35992692
56029,2.36,1.620351387
56031,2.18,1.608814326
56033,2.2,4.592168052
56035,3.01,0.786271794
56037,2.74,1.633614807
56039,2.42,2.227538686
56041,2.63,3.822404961
56043,2.33,1.402001631
56045,2.2,1.143169204
72001,3.09,105.2593606
72003,3.01,483.4990361
72005,2.43,572.4802227
72007,3.08,337.2070282
72009,2.82,289.2552496
72011,3.05,268.9797774
72013,2.71,267.4661567
72015,3.01,465.9438667
72017,3.03,501.8184128
72019,3.18,324.1313252
72021,2.6,1593.459017
72023,3.12,268.8675521
72025,2.68,865.4821147
72027,2.81,268.3863226
72029,3.17,541.6328381
72031,2.47,1339.922295
72033,2.83,1970.656943
72035,2.74,331.0537732
72037,2.71,157.6162267
72039,2.88,98.14856931
72041,3.11,432.4262468
72043,2.93,194.3308526
72045,3.35,265.6300564
72047,3.14,309.8907307
72049,2.77,43.63266147
72051,3.13,621.4789284
72053,2.6,413.1898953
72054,2.77,302.3494993
72055,3.05,174.8959594
72057,2.72,247.7606638
72059,2.92,173.6201421
72061,2.84,1241.002859
72063,3.15,649.2446906
72065,2.86,373.2429926
72067,2.57,550.6230702
72069,2.96,461.1921424
72071,2.8,296.1135784
72073,2.88,129.2346959
72075,2.96,300.7998464
72077,3.06,570.3340721
72079,2.94,150.1405516
72081,2.63,166.1961546
72083,2.96,71.61547028
72085,3.01,430.412583
72087,3.02,527.6989083
72089,2.82,277.4362491
72091,2.57,339.5002977
72093,3.21,65.38622198
72095,2.84,201.0882848
72097,2.54,384.0199542
72099,2.76,282.7963612
72101,3.14,311.0964189
72103,3.15,196.3083345
72105,3.34,402.3859201
72107,3.16,129.9060216
72109,2.78,143.6174354
72111,3,181.5875911
72113,2.66,483.4780937
72115,2.9,409.1395331
72117,2.78,385.5917478
72119,3.16,321.9569562
72121,3.05,245.1242872
72123,2.75,159.3102282
72125,2.65,227.5248567
72127,2.33,2778.410734
72129,2.75,275.343932
72131,2.72,208.1417755
72133,2.96,250.3229973
72135,3.32,1049.053906
72137,2.91,1324.314938
72139,2.79,1260.176113
72141,2.98,99.99136698
72143,3.02,525.2847596
72145,2.93,449.3353796
72147,3.55,66.67862995
72149,2.96,249.1154549
72151,2.91,238.7955474
72153,3.35,207.7812733
