ruralcc_2013,fips,metro
2,1001,1
3,1003,1
6,1005,0
1,1007,1
1,1009,1
6,1011,0
6,1013,0
3,1015,1
6,1017,0
6,1019,0
1,1021,1
9,1023,0
7,1025,0
9,1027,0
8,1029,0
4,1031,0
3,1033,1
7,1035,0
8,1037,0
6,1039,0
8,1041,0
4,1043,0
4,1045,0
4,1047,0
6,1049,0
2,1051,1
6,1053,0
3,1055,1
6,1057,0
6,1059,0
3,1061,1
8,1063,0
3,1065,1
3,1067,1
3,1069,1
6,1071,0
1,1073,1
8,1075,0
3,1077,1
3,1079,1
3,1081,1
2,1083,1
2,1085,1
6,1087,0
2,1089,1
7,1091,0
7,1093,0
4,1095,0
2,1097,1
7,1099,0
2,1101,1
3,1103,1
8,1105,0
3,1107,1
6,1109,0
6,1111,0
2,1113,1
1,1115,1
1,1117,1
8,1119,0
4,1121,0
6,1123,0
3,1125,1
1,1127,1
8,1129,0
9,1131,0
6,1133,0
9,2013,0
9,2016,0
2,2020,1
7,2050,0
9,2060,0
8,2068,0
9,2070,0
3,2090,1
9,2100,0
9,2105,0
5,2110,0
7,2122,0
7,2130,0
7,2150,0
9,2164,0
2,2170,1
7,2180,0
7,2185,0
7,2188,0
9,2195,0
9,2198,0
7,2220,0
9,2230,0
9,2240,0
9,2261,0
9,2270,0
9,2275,0
9,2282,0
9,2290,0
6,4001,0
3,4003,1
3,4005,1
4,4007,0
7,4009,0
7,4011,0
6,4012,0
1,4013,1
3,4015,1
4,4017,0
2,4019,1
1,4021,1
4,4023,0
3,4025,1
3,4027,1
6,5001,0
7,5003,0
7,5005,0
2,5007,1
7,5009,0
7,5011,0
9,5013,0
6,5015,0
7,5017,0
7,5019,0
7,5021,0
6,5023,0
3,5025,1
7,5027,0
6,5029,0
3,5031,1
2,5033,1
1,5035,1
6,5037,0
6,5039,0
6,5041,0
6,5043,0
2,5045,1
6,5047,0
9,5049,0
3,5051,1
2,5053,1
4,5055,0
6,5057,0
6,5059,0
6,5061,0
7,5063,0
9,5065,0
6,5067,0
3,5069,1
7,5071,0
8,5073,0
6,5075,0
7,5077,0
3,5079,1
3,5081,1
6,5083,0
2,5085,1
2,5087,1
9,5089,0
3,5091,1
4,5093,0
7,5095,0
8,5097,0
7,5099,0
9,5101,0
7,5103,0
2,5105,1
6,5107,0
9,5109,0
3,5111,1
7,5113,0
5,5115,0
8,5117,0
2,5119,1
7,5121,0
6,5123,0
2,5125,1
6,5127,0
9,5129,0
2,5131,1
6,5133,0
7,5135,0
9,5137,0
7,5139,0
8,5141,0
2,5143,1
4,5145,0
9,5147,0
6,5149,0
1,6001,1
8,6003,0
6,6005,0
3,6007,1
6,6009,0
6,6011,0
1,6013,1
7,6015,0
1,6017,1
2,6019,1
6,6021,0
5,6023,0
3,6025,1
7,6027,0
2,6029,1
3,6031,1
4,6033,0
7,6035,0
1,6037,1
3,6039,1
1,6041,1
8,6043,0
4,6045,0
2,6047,1
6,6049,0
7,6051,0
2,6053,1
3,6055,1
4,6057,0
1,6059,1
1,6061,1
7,6063,0
1,6065,1
1,6067,1
1,6069,1
1,6071,1
1,6073,1
1,6075,1
2,6077,1
2,6079,1
1,6081,1
2,6083,1
1,6085,1
2,6087,1
3,6089,1
8,6091,0
6,6093,0
2,6095,1
2,6097,1
2,6099,1
3,6101,1
4,6103,0
8,6105,0
2,6107,1
4,6109,0
2,6111,1
1,6113,1
3,6115,1
1,8001,1
7,8003,0
1,8005,1
7,8007,0
9,8009,0
7,8011,0
2,8013,1
1,8014,1
7,8015,0
9,8017,0
1,8019,1
9,8021,0
9,8023,0
8,8025,0
8,8027,0
6,8029,0
1,8031,1
9,8033,0
1,8035,1
5,8037,0
1,8039,1
2,8041,1
4,8043,0
5,8045,0
1,8047,1
7,8049,0
7,8051,0
9,8053,0
6,8055,0
9,8057,0
1,8059,1
9,8061,0
7,8063,0
6,8065,0
4,8067,0
2,8069,1
7,8071,0
8,8073,0
7,8075,0
3,8077,1
9,8079,0
7,8081,0
6,8083,0
4,8085,0
6,8087,0
6,8089,0
9,8091,0
1,8093,1
9,8095,0
7,8097,0
7,8099,0
3,8101,1
9,8103,0
7,8105,0
7,8107,0
9,8109,0
9,8111,0
9,8113,0
9,8115,0
5,8117,0
2,8119,1
9,8121,0
2,8123,1
7,8125,0
2,9001,1
1,9003,1
4,9005,0
1,9007,1
2,9009,1
2,9011,1
1,9013,1
2,9015,1
3,10001,1
1,10003,1
2,10005,1
1,11001,1
2,12001,1
1,12003,1
3,12005,1
6,12007,0
2,12009,1
1,12011,1
6,12013,0
3,12015,1
3,12017,1
1,12019,1
2,12021,1
4,12023,0
6,12027,0
6,12029,0
1,12031,1
2,12033,1
2,12035,1
6,12037,0
2,12039,1
2,12041,1
6,12043,0
3,12045,1
6,12047,0
6,12049,0
4,12051,0
1,12053,1
3,12055,1
1,12057,1
6,12059,0
3,12061,1
6,12063,0
2,12065,1
9,12067,0
1,12069,1
2,12071,1
2,12073,1
6,12075,0
8,12077,0
6,12079,0
2,12081,1
2,12083,1
2,12085,1
1,12086,1
4,12087,0
1,12089,1
3,12091,1
4,12093,0
1,12095,1
1,12097,1
1,12099,1
1,12101,1
1,12103,1
2,12105,1
4,12107,0
1,12109,1
2,12111,1
2,12113,1
2,12115,1
1,12117,1
3,12119,1
6,12121,0
6,12123,0
6,12125,0
2,12127,1
2,12129,1
3,12131,1
6,12133,0
7,13001,0
9,13003,0
7,13005,0
3,13007,1
4,13009,0
8,13011,0
1,13013,1
1,13015,1
7,13017,0
6,13019,0
3,13021,1
6,13023,0
3,13025,1
3,13027,1
2,13029,1
4,13031,0
2,13033,1
1,13035,1
8,13037,0
4,13039,0
7,13043,0
1,13045,1
2,13047,1
6,13049,0
2,13051,1
2,13053,1
6,13055,0
1,13057,1
3,13059,1
9,13061,0
1,13063,1
6,13065,0
1,13067,1
7,13069,0
6,13071,0
2,13073,1
6,13075,0
1,13077,1
3,13079,1
6,13081,0
2,13083,1
1,13085,1
6,13087,0
1,13089,1
6,13091,0
6,13093,0
3,13095,1
1,13097,1
6,13099,0
3,13101,1
2,13103,1
6,13105,0
7,13107,0
6,13109,0
8,13111,0
1,13113,1
3,13115,1
1,13117,1
8,13119,0
1,13121,1
6,13123,0
9,13125,0
3,13127,1
4,13129,0
6,13131,0
6,13133,0
1,13135,1
6,13137,0
3,13139,1
7,13141,0
1,13143,1
2,13145,1
6,13147,0
1,13149,1
1,13151,1
3,13153,1
7,13155,0
4,13157,0
1,13159,1
7,13161,0
6,13163,0
6,13165,0
7,13167,0
3,13169,1
1,13171,1
3,13173,1
5,13175,0
3,13177,1
3,13179,1
2,13181,1
3,13183,1
3,13185,1
6,13187,0
2,13189,1
3,13191,1
6,13193,0
3,13195,1
2,13197,1
1,13199,1
8,13201,0
6,13205,0
3,13207,1
9,13209,0
1,13211,1
3,13213,1
2,13215,1
1,13217,1
3,13219,1
3,13221,1
1,13223,1
3,13225,1
1,13227,1
6,13229,0
1,13231,1
4,13233,0
3,13235,1
6,13237,0
9,13239,0
7,13241,0
6,13243,0
2,13245,1
1,13247,1
8,13249,0
6,13251,0
6,13253,0
1,13255,1
7,13257,0
8,13259,0
6,13261,0
8,13263,0
8,13265,0
6,13267,0
8,13269,0
7,13271,0
3,13273,1
4,13275,0
5,13277,0
7,13279,0
9,13281,0
7,13283,0
4,13285,0
6,13287,0
3,13289,1
9,13291,0
6,13293,0
2,13295,1
1,13297,1
5,13299,0
8,13301,0
7,13303,0
6,13305,0
8,13307,0
9,13309,0
6,13311,0
3,13313,1
8,13315,0
6,13317,0
8,13319,0
3,13321,1
5,15001,0
2,15003,1
3,15005,1
5,15007,0
3,15009,1
2,16001,1
9,16003,0
3,16005,1
9,16007,0
6,16009,0
4,16011,0
7,16013,0
2,16015,1
6,16017,0
3,16019,1
7,16021,0
3,16023,1
9,16025,0
2,16027,1
6,16029,0
7,16031,0
9,16033,0
6,16035,0
8,16037,0
6,16039,0
3,16041,1
6,16043,0
2,16045,1
7,16047,0
6,16049,0
3,16051,1
7,16053,0
3,16055,1
4,16057,0
7,16059,0
8,16061,0
9,16063,0
4,16065,0
7,16067,0
3,16069,1
8,16071,0
2,16073,1
6,16075,0
6,16077,0
6,16079,0
9,16081,0
5,16083,0
8,16085,0
6,16087,0
5,17001,0
3,17003,1
1,17005,1
2,17007,1
7,17009,0
7,17011,0
1,17013,1
7,17015,0
6,17017,0
3,17019,1
6,17021,0
6,17023,0
7,17025,0
1,17027,1
5,17029,0
1,17031,1
7,17033,0
9,17035,0
1,17037,1
3,17039,1
6,17041,0
1,17043,1
6,17045,0
9,17047,0
7,17049,0
6,17051,0
3,17053,1
4,17055,0
6,17057,0
8,17059,0
6,17061,0
1,17063,1
7,17065,0
7,17067,0
9,17069,0
9,17071,0
2,17073,1
6,17075,0
3,17077,1
7,17079,0
7,17081,0
1,17083,1
6,17085,0
8,17087,0
1,17089,1
3,17091,1
1,17093,1
4,17095,0
1,17097,1
4,17099,0
7,17101,0
6,17103,0
4,17105,0
6,17107,0
5,17109,0
1,17111,1
3,17113,1
3,17115,1
1,17117,1
1,17119,1
4,17121,0
2,17123,1
6,17125,0
7,17127,0
3,17129,1
2,17131,1
1,17133,1
6,17135,0
4,17137,0
6,17139,0
4,17141,0
2,17143,1
6,17145,0
3,17147,1
7,17149,0
8,17151,0
8,17153,0
8,17155,0
6,17157,0
7,17159,0
2,17161,1
1,17163,1
6,17165,0
3,17167,1
7,17169,0
9,17171,0
6,17173,0
2,17175,1
4,17177,0
2,17179,1
6,17181,0
3,17183,1
7,17185,0
6,17187,0
6,17189,0
7,17191,0
6,17193,0
4,17195,0
1,17197,1
3,17199,1
2,17201,1
2,17203,1
6,18001,0
2,18003,1
3,18005,1
3,18007,1
6,18009,0
1,18011,1
1,18013,1
3,18015,1
4,18017,0
1,18019,1
3,18021,1
6,18023,0
8,18025,0
7,18027,0
1,18029,1
6,18031,0
4,18033,0
3,18035,1
5,18037,0
3,18039,1
6,18041,0
1,18043,1
6,18045,0
6,18047,0
7,18049,0
6,18051,0
4,18053,0
6,18055,0
1,18057,1
1,18059,1
1,18061,1
1,18063,1
4,18065,0
3,18067,1
6,18069,0
4,18071,0
1,18073,1
6,18075,0
6,18077,0
6,18079,0
1,18081,1
5,18083,0
4,18085,0
6,18087,0
1,18089,1
3,18091,1
6,18093,0
1,18095,1
1,18097,1
6,18099,0
7,18101,0
6,18103,0
3,18105,1
6,18107,0
1,18109,1
1,18111,1
6,18113,0
1,18115,1
6,18117,0
3,18119,1
6,18121,0
6,18123,0
8,18125,0
1,18127,1
2,18129,1
6,18131,0
1,18133,1
6,18135,0
6,18137,0
6,18139,0
2,18141,1
1,18143,1
1,18145,1
8,18147,0
6,18149,0
7,18151,0
3,18153,1
8,18155,0
3,18157,1
6,18159,0
1,18161,1
2,18163,1
3,18165,1
3,18167,1
6,18169,0
8,18171,0
2,18173,1
1,18175,1
5,18177,0
2,18179,1
6,18181,0
2,18183,1
8,19001,0
9,19003,0
6,19005,0
7,19007,0
8,19009,0
2,19011,1
3,19013,1
6,19015,0
3,19017,1
6,19019,0
7,19021,0
8,19023,0
9,19025,0
7,19027,0
6,19029,0
6,19031,0
5,19033,0
6,19035,0
6,19037,0
6,19039,0
7,19041,0
8,19043,0
4,19045,0
7,19047,0
2,19049,1
9,19051,0
9,19053,0
6,19055,0
5,19057,0
7,19059,0
3,19061,1
7,19063,0
6,19065,0
7,19067,0
7,19069,0
8,19071,0
6,19073,0
3,19075,1
2,19077,1
6,19079,0
7,19081,0
6,19083,0
2,19085,1
6,19087,0
6,19089,0
7,19091,0
8,19093,0
6,19095,0
6,19097,0
6,19099,0
7,19101,0
3,19103,1
2,19105,1
8,19107,0
7,19109,0
5,19111,0
2,19113,1
8,19115,0
6,19117,0
8,19119,0
2,19121,1
7,19123,0
6,19125,0
4,19127,0
2,19129,1
7,19131,0
6,19133,0
7,19135,0
6,19137,0
4,19139,0
7,19141,0
7,19143,0
6,19145,0
7,19147,0
3,19149,1
9,19151,0
2,19153,1
2,19155,1
7,19157,0
9,19159,0
9,19161,0
2,19163,1
6,19165,0
7,19167,0
3,19169,1
6,19171,0
9,19173,0
6,19175,0
9,19177,0
5,19179,0
2,19181,1
3,19183,1
9,19185,0
5,19187,0
7,19189,0
7,19191,0
3,19193,1
9,19195,0
7,19197,0
7,20001,0
6,20003,0
6,20005,0
9,20007,0
7,20009,0
6,20011,0
6,20013,0
2,20015,1
9,20017,0
8,20019,0
6,20021,0
9,20023,0
9,20025,0
6,20027,0
7,20029,0
6,20031,0
9,20033,0
4,20035,0
4,20037,0
9,20039,0
7,20041,0
3,20043,1
3,20045,1
9,20047,0
8,20049,0
5,20051,0
7,20053,0
5,20055,0
5,20057,0
6,20059,0
4,20061,0
9,20063,0
9,20065,0
7,20067,0
9,20069,0
9,20071,0
6,20073,0
9,20075,0
8,20077,0
2,20079,1
9,20081,0
9,20083,0
3,20085,1
3,20087,1
9,20089,0
1,20091,1
9,20093,0
2,20095,1
9,20097,0
7,20099,0
9,20101,0
1,20103,1
9,20105,0
1,20107,1
9,20109,0
4,20111,0
7,20113,0
6,20115,0
6,20117,0
9,20119,0
1,20121,1
7,20123,0
5,20125,0
8,20127,0
9,20129,0
6,20131,0
7,20133,0
9,20135,0
7,20137,0
3,20139,1
9,20141,0
9,20143,0
7,20145,0
7,20147,0
3,20149,1
7,20151,0
9,20153,0
4,20155,0
9,20157,0
7,20159,0
3,20161,1
9,20163,0
9,20165,0
7,20167,0
5,20169,0
7,20171,0
2,20173,1
5,20175,0
3,20177,1
9,20179,0
7,20181,0
9,20183,0
9,20185,0
9,20187,0
7,20189,0
2,20191,1
7,20193,0
9,20195,0
3,20197,1
9,20199,0
9,20201,0
9,20203,0
7,20205,0
9,20207,0
1,20209,1
7,21001,0
3,21003,1
6,21005,0
9,21007,0
6,21009,0
8,21011,0
7,21013,0
1,21015,1
2,21017,1
2,21019,1
7,21021,0
1,21023,1
7,21025,0
8,21027,0
1,21029,1
3,21031,1
7,21033,0
7,21035,0
1,21037,1
9,21039,0
6,21041,0
6,21043,0
9,21045,0
2,21047,1
2,21049,1
7,21051,0
9,21053,0
7,21055,0
9,21057,0
3,21059,1
3,21061,1
9,21063,0
6,21065,0
2,21067,1
7,21069,0
7,21071,0
4,21073,0
9,21075,0
1,21077,1
6,21079,0
1,21081,1
7,21083,0
6,21085,0
8,21087,0
2,21089,1
3,21091,1
3,21093,1
7,21095,0
6,21097,0
8,21099,0
2,21101,1
1,21103,1
9,21105,0
5,21107,0
9,21109,0
1,21111,1
2,21113,1
7,21115,0
1,21117,1
9,21119,0
7,21121,0
3,21123,1
5,21125,0
6,21127,0
9,21129,0
9,21131,0
9,21133,0
8,21135,0
7,21137,0
9,21139,0
6,21141,0
9,21143,0
5,21145,0
9,21147,0
3,21149,1
4,21151,0
9,21153,0
7,21155,0
7,21157,0
9,21159,0
6,21161,0
3,21163,1
9,21165,0
6,21167,0
9,21169,0
8,21171,0
6,21173,0
9,21175,0
6,21177,0
6,21179,0
8,21181,0
6,21183,0
1,21185,1
8,21187,0
9,21189,0
1,21191,1
7,21193,0
7,21195,0
6,21197,0
5,21199,0
8,21201,0
7,21203,0
7,21205,0
9,21207,0
2,21209,1
1,21211,1
6,21213,0
1,21215,1
7,21217,0
8,21219,0
2,21221,1
1,21223,1
6,21225,0
3,21227,1
9,21229,0
7,21231,0
8,21233,0
7,21235,0
9,21237,0
2,21239,1
2,22001,1
6,22003,0
2,22005,1
6,22007,0
6,22009,0
6,22011,0
6,22013,0
2,22015,1
2,22017,1
3,22019,1
8,22021,0
3,22023,1
9,22025,0
6,22027,0
7,22029,0
2,22031,1
2,22033,1
7,22035,0
2,22037,1
6,22039,0
7,22041,0
3,22043,1
2,22045,1
2,22047,1
6,22049,0
1,22051,1
6,22053,0
2,22055,1
3,22057,1
6,22059,0
4,22061,0
2,22063,1
7,22065,0
6,22067,0
6,22069,0
1,22071,1
3,22073,1
1,22075,1
2,22077,1
3,22079,1
8,22081,0
6,22083,0
6,22085,0
1,22087,1
1,22089,1
2,22091,1
1,22093,1
1,22095,1
4,22097,0
2,22099,1
4,22101,0
1,22103,1
3,22105,1
9,22107,0
3,22109,1
3,22111,1
2,22113,1
5,22115,0
6,22117,0
2,22119,1
2,22121,1
9,22123,0
2,22125,1
6,22127,0
3,23001,1
7,23003,0
2,23005,1
6,23007,0
6,23009,0
4,23011,0
7,23013,0
8,23015,0
6,23017,0
3,23019,1
8,23021,0
2,23023,1
6,23025,0
6,23027,0
7,23029,0
2,23031,1
3,24001,1
1,24003,1
1,24005,1
1,24009,1
6,24011,0
1,24013,1
1,24015,1
1,24017,1
6,24019,0
1,24021,1
6,24023,0
1,24025,1
1,24027,1
6,24029,0
1,24031,1
1,24033,1
1,24035,1
3,24037,1
2,24039,1
6,24041,0
2,24043,1
2,24045,1
2,24047,1
1,24510,1
3,25001,1
3,25003,1
1,25005,1
7,25007,0
1,25009,1
4,25011,0
2,25013,1
2,25015,1
1,25017,1
7,25019,0
1,25021,1
1,25023,1
1,25025,1
2,25027,1
9,26001,0
7,26003,0
4,26005,0
7,26007,0
9,26009,0
8,26011,0
9,26013,0
2,26015,1
3,26017,1
9,26019,0
3,26021,1
6,26023,0
3,26025,1
2,26027,1
7,26029,0
7,26031,0
7,26033,0
6,26035,0
2,26037,1
7,26039,0
5,26041,0
7,26043,0
2,26045,1
7,26047,0
2,26049,1
6,26051,0
7,26053,0
5,26055,0
6,26057,0
6,26059,0
5,26061,0
7,26063,0
2,26065,1
4,26067,0
7,26069,0
7,26071,0
4,26073,0
3,26075,1
2,26077,1
7,26079,0
2,26081,1
9,26083,0
9,26085,0
1,26087,1
9,26089,0
4,26091,0
1,26093,1
7,26095,0
7,26097,0
1,26099,1
7,26101,0
5,26103,0
7,26105,0
6,26107,0
7,26109,0
3,26111,1
9,26113,0
3,26115,1
2,26117,1
9,26119,0
3,26121,1
6,26123,0
1,26125,1
6,26127,0
9,26129,0
9,26131,0
9,26133,0
9,26135,0
7,26137,0
2,26139,1
7,26141,0
7,26143,0
3,26145,1
1,26147,1
4,26149,0
6,26151,0
7,26153,0
4,26155,0
6,26157,0
2,26159,1
2,26161,1
1,26163,1
7,26165,0
8,27001,0
1,27003,1
6,27005,0
7,27007,0
3,27009,1
9,27011,0
3,27013,1
6,27015,0
2,27017,1
1,27019,1
9,27021,0
7,27023,0
1,27025,1
3,27027,1
8,27029,0
9,27031,0
7,27033,0
4,27035,0
1,27037,1
3,27039,1
6,27041,0
6,27043,0
3,27045,1
7,27047,0
4,27049,0
9,27051,0
1,27053,1
3,27055,1
7,27057,0
1,27059,1
6,27061,0
7,27063,0
6,27065,0
4,27067,0
9,27069,0
6,27071,0
9,27073,0
6,27075,0
9,27077,0
1,27079,1
9,27081,0
7,27083,0
6,27085,0
8,27087,0
8,27089,0
7,27091,0
6,27093,0
1,27095,1
6,27097,0
4,27099,0
9,27101,0
3,27103,1
7,27105,0
8,27107,0
3,27109,1
6,27111,0
6,27113,0
6,27115,0
6,27117,0
3,27119,1
8,27121,0
1,27123,1
8,27125,0
7,27127,0
8,27129,0
4,27131,0
6,27133,0
7,27135,0
2,27137,1
1,27139,1
1,27141,1
1,27143,1
3,27145,1
5,27147,0
7,27149,0
7,27151,0
6,27153,0
9,27155,0
3,27157,1
7,27159,0
6,27161,0
1,27163,1
6,27165,0
6,27167,0
4,27169,0
1,27171,1
9,27173,0
5,28001,0
7,28003,0
8,28005,0
6,28007,0
1,28009,1
7,28011,0
9,28013,0
9,28015,0
7,28017,0
9,28019,0
8,28021,0
9,28023,0
7,28025,0
7,28027,0
2,28029,1
8,28031,0
1,28033,1
3,28035,1
9,28037,0
6,28039,0
8,28041,0
7,28043,0
2,28045,1
2,28047,1
2,28049,1
6,28051,0
6,28053,0
8,28055,0
7,28057,0
2,28059,1
9,28061,0
8,28063,0
8,28065,0
4,28067,0
9,28069,0
4,28071,0
3,28073,1
5,28075,0
8,28077,0
6,28079,0
5,28081,0
5,28083,0
6,28085,0
5,28087,0
2,28089,1
6,28091,0
1,28093,1
7,28095,0
7,28097,0
7,28099,0
7,28101,0
7,28103,0
5,28105,0
6,28107,0
6,28109,0
3,28111,1
6,28113,0
7,28115,0
7,28117,0
6,28119,0
2,28121,1
6,28123,0
8,28125,0
2,28127,1
8,28129,0
6,28131,0
7,28133,0
7,28135,0
1,28137,1
6,28139,0
8,28141,0
1,28143,1
6,28145,0
9,28147,0
4,28149,0
5,28151,0
7,28153,0
9,28155,0
8,28157,0
7,28159,0
7,28161,0
2,28163,1
7,29001,0
3,29003,1
9,29005,0
6,29007,0
6,29009,0
6,29011,0
1,29013,1
7,29015,0
3,29017,1
3,29019,1
3,29021,1
5,29023,0
1,29025,1
3,29027,1
7,29029,0
3,29031,1
6,29033,0
9,29035,0
1,29037,1
6,29039,0
9,29041,0
2,29043,1
9,29045,0
1,29047,1
1,29049,1
3,29051,1
6,29053,0
6,29055,0
8,29057,0
2,29059,1
8,29061,0
3,29063,1
7,29065,0
6,29067,0
7,29069,0
1,29071,1
6,29073,0
8,29075,0
2,29077,1
7,29079,0
7,29081,0
6,29083,0
8,29085,0
8,29087,0
6,29089,0
7,29091,0
7,29093,0
1,29095,1
3,29097,1
1,29099,1
4,29101,0
9,29103,0
6,29105,0
1,29107,1
6,29109,0
9,29111,0
1,29113,1
7,29115,0
6,29117,0
2,29119,1
7,29121,0
6,29123,0
8,29125,0
5,29127,0
9,29129,0
6,29131,0
6,29133,0
3,29135,1
9,29137,0
6,29139,0
8,29141,0
7,29143,0
3,29145,1
6,29147,0
9,29149,0
3,29151,1
9,29153,0
7,29155,0
6,29157,0
4,29159,0
5,29161,0
6,29163,0
1,29165,1
2,29167,1
5,29169,0
9,29171,0
9,29173,0
6,29175,0
1,29177,1
9,29179,0
9,29181,0
1,29183,1
8,29185,0
6,29186,0
4,29187,0
1,29189,1
6,29195,0
9,29197,0
9,29199,0
4,29201,0
9,29203,0
9,29205,0
6,29207,0
6,29209,0
9,29211,0
4,29213,0
9,29215,0
7,29217,0
1,29219,1
6,29221,0
9,29223,0
2,29225,1
9,29227,0
6,29229,0
1,29510,1
7,30001,0
6,30003,0
9,30005,0
9,30007,0
3,30009,1
9,30011,0
3,30013,1
8,30015,0
7,30017,0
9,30019,0
7,30021,0
7,30023,0
9,30025,0
7,30027,0
5,30029,0
5,30031,0
9,30033,0
7,30035,0
3,30037,1
8,30039,0
7,30041,0
9,30043,0
8,30045,0
6,30047,0
5,30049,0
9,30051,0
7,30053,0
9,30055,0
9,30057,0
9,30059,0
8,30061,0
3,30063,1
8,30065,0
7,30067,0
9,30069,0
9,30071,0
7,30073,0
9,30075,0
6,30077,0
9,30079,0
6,30081,0
7,30083,0
7,30085,0
9,30087,0
8,30089,0
9,30091,0
5,30093,0
8,30095,0
9,30097,0
8,30099,0
7,30101,0
8,30103,0
7,30105,0
9,30107,0
9,30109,0
3,30111,1
4,31001,0
9,31003,0
9,31005,0
9,31007,0
9,31009,0
9,31011,0
7,31013,0
9,31015,0
9,31017,0
4,31019,0
8,31021,0
6,31023,0
2,31025,1
9,31027,0
9,31029,0
7,31031,0
7,31033,0
8,31035,0
7,31037,0
7,31039,0
7,31041,0
3,31043,1
7,31045,0
7,31047,0
9,31049,0
3,31051,1
4,31053,0
2,31055,1
9,31057,0
8,31059,0
9,31061,0
9,31063,0
9,31065,0
6,31067,0
9,31069,0
9,31071,0
9,31073,0
9,31075,0
8,31077,0
3,31079,1
3,31081,1
9,31083,0
9,31085,0
9,31087,0
7,31089,0
9,31091,0
3,31093,1
7,31095,0
8,31097,0
7,31099,0
7,31101,0
9,31103,0
8,31105,0
9,31107,0
2,31109,1
5,31111,0
9,31113,0
9,31115,0
9,31117,0
5,31119,0
3,31121,1
9,31123,0
8,31125,0
7,31127,0
9,31129,0
6,31131,0
9,31133,0
9,31135,0
7,31137,0
9,31139,0
5,31141,0
9,31143,0
7,31145,0
7,31147,0
9,31149,0
6,31151,0
2,31153,1
2,31155,1
5,31157,0
2,31159,1
9,31161,0
8,31163,0
9,31165,0
9,31167,0
9,31169,0
9,31171,0
8,31173,0
9,31175,0
2,31177,1
6,31179,0
9,31181,0
9,31183,0
6,31185,0
6,32001,0
1,32003,1
4,32005,0
5,32007,0
9,32009,0
9,32011,0
7,32013,0
7,32015,0
8,32017,0
4,32019,0
7,32021,0
4,32023,0
9,32027,0
2,32029,1
2,32031,1
7,32033,0
3,32510,1
4,33001,0
6,33003,0
4,33005,0
7,33007,0
5,33009,0
2,33011,1
4,33013,0
1,33015,1
1,33017,1
7,33019,0
2,34001,1
1,34003,1
1,34005,1
1,34007,1
3,34009,1
3,34011,1
1,34013,1
1,34015,1
1,34017,1
1,34019,1
2,34021,1
1,34023,1
1,34025,1
1,34027,1
1,34029,1
1,34031,1
1,34033,1
1,34035,1
1,34037,1
1,34039,1
2,34041,1
2,35001,1
9,35003,0
5,35005,0
6,35006,0
7,35007,0
5,35009,0
9,35011,0
3,35013,1
5,35015,0
7,35017,0
7,35019,0
9,35021,0
9,35023,0
5,35025,0
7,35027,0
6,35028,0
6,35029,0
5,35031,0
9,35033,0
4,35035,0
7,35037,0
4,35039,0
7,35041,0
2,35043,1
3,35045,1
6,35047,0
3,35049,1
6,35051,0
6,35053,0
7,35055,0
2,35057,1
9,35059,0
2,35061,1
2,36001,1
7,36003,0
1,36005,1
2,36007,1
4,36009,0
4,36011,0
4,36013,0
3,36015,1
6,36017,0
5,36019,0
6,36021,0
4,36023,0
6,36025,0
1,36027,1
1,36029,1
6,36031,0
7,36033,0
4,36035,0
4,36037,0
6,36039,0
8,36041,0
2,36043,1
3,36045,1
1,36047,1
6,36049,0
1,36051,1
2,36053,1
1,36055,1
4,36057,0
1,36059,1
1,36061,1
1,36063,1
2,36065,1
2,36067,1
1,36069,1
1,36071,1
1,36073,1
2,36075,1
7,36077,0
1,36079,1
1,36081,1
2,36083,1
1,36085,1
1,36087,1
4,36089,0
2,36091,1
2,36093,1
2,36095,1
6,36097,0
6,36099,0
4,36101,0
1,36103,1
4,36105,0
2,36107,1
3,36109,1
3,36111,1
3,36113,1
3,36115,1
1,36117,1
1,36119,1
6,36121,0
1,36123,1
3,37001,1
2,37003,1
9,37005,0
6,37007,0
7,37009,0
8,37011,0
6,37013,0
7,37015,0
6,37017,0
2,37019,1
2,37021,1
2,37023,1
1,37025,1
2,37027,1
8,37029,0
4,37031,0
8,37033,0
2,37035,1
2,37037,1
9,37039,0
6,37041,0
9,37043,0
4,37045,0
6,37047,0
3,37049,1
2,37051,1
1,37053,1
4,37055,0
2,37057,1
2,37059,1
6,37061,0
2,37063,1
3,37065,1
2,37067,1
1,37069,1
1,37071,1
1,37073,1
9,37075,0
4,37077,0
8,37079,0
2,37081,1
4,37083,0
4,37085,0
2,37087,1
2,37089,1
6,37091,0
2,37093,1
9,37095,0
1,37097,1
6,37099,0
1,37101,1
3,37103,1
4,37105,0
4,37107,0
1,37109,1
6,37111,0
7,37113,0
2,37115,1
6,37117,0
1,37119,1
7,37121,0
6,37123,0
4,37125,0
3,37127,1
2,37129,1
9,37131,0
3,37133,1
2,37135,1
3,37137,1
4,37139,0
2,37141,1
8,37143,0
2,37145,1
3,37147,1
8,37149,0
2,37151,1
5,37153,0
4,37155,0
2,37157,1
1,37159,1
4,37161,0
6,37163,0
6,37165,0
6,37167,0
2,37169,1
4,37171,0
8,37173,0
6,37175,0
9,37177,0
1,37179,1
4,37181,0
1,37183,1
8,37185,0
7,37187,0
5,37189,0
3,37191,1
6,37193,0
4,37195,0
2,37197,1
8,37199,0
9,38001,0
6,38003,0
9,38005,0
9,38007,0
9,38009,0
9,38011,0
9,38013,0
3,38015,1
3,38017,1
9,38019,0
9,38021,0
9,38023,0
9,38025,0
9,38027,0
8,38029,0
9,38031,0
9,38033,0
3,38035,1
8,38037,0
9,38039,0
9,38041,0
8,38043,0
9,38045,0
9,38047,0
9,38049,0
9,38051,0
9,38053,0
8,38055,0
7,38057,0
3,38059,1
9,38061,0
8,38063,0
3,38065,1
9,38067,0
7,38069,0
7,38071,0
8,38073,0
9,38075,0
6,38077,0
9,38079,0
9,38081,0
9,38083,0
3,38085,1
9,38087,0
7,38089,0
8,38091,0
7,38093,0
9,38095,0
8,38097,0
6,38099,0
5,38101,0
9,38103,0
7,38105,0
6,39001,0
3,39003,1
4,39005,0
4,39007,0
4,39009,0
4,39011,0
3,39013,1
1,39015,1
1,39017,1
2,39019,1
6,39021,0
3,39023,1
1,39025,1
6,39027,0
4,39029,0
6,39031,0
4,39033,0
1,39035,1
6,39037,0
4,39039,0
1,39041,1
4,39043,0
1,39045,1
6,39047,0
1,39049,1
2,39051,1
6,39053,0
1,39055,1
2,39057,1
6,39059,0
1,39061,1
4,39063,0
6,39065,0
6,39067,0
6,39069,0
6,39071,0
1,39073,1
7,39075,0
4,39077,0
7,39079,0
3,39081,1
4,39083,0
1,39085,1
2,39087,1
1,39089,1
6,39091,0
1,39093,1
2,39095,1
1,39097,1
2,39099,1
4,39101,0
1,39103,1
6,39105,0
7,39107,0
2,39109,1
8,39111,0
2,39113,1
6,39115,0
1,39117,1
4,39119,0
7,39121,0
4,39123,0
6,39125,0
1,39127,1
1,39129,1
7,39131,0
2,39133,1
6,39135,0
6,39137,0
3,39139,1
4,39141,0
4,39143,0
4,39145,0
4,39147,0
4,39149,0
2,39151,1
2,39153,1
2,39155,1
4,39157,0
1,39159,1
6,39161,0
8,39163,0
1,39165,1
4,39167,0
4,39169,0
6,39171,0
2,39173,1
7,39175,0
6,40001,0
9,40003,0
9,40005,0
9,40007,0
7,40009,0
6,40011,0
6,40013,0
6,40015,0
1,40017,1
5,40019,0
6,40021,0
7,40023,0
9,40025,0
1,40027,1
9,40029,0
3,40031,1
3,40033,1
6,40035,0
2,40037,1
7,40039,0
6,40041,0
9,40043,0
9,40045,0
5,40047,0
6,40049,0
1,40051,1
9,40053,0
7,40055,0
9,40057,0
9,40059,0
6,40061,0
7,40063,0
7,40065,0
8,40067,0
9,40069,0
5,40071,0
6,40073,0
6,40075,0
7,40077,0
2,40079,1
1,40081,1
1,40083,1
9,40085,0
1,40087,1
7,40089,0
6,40091,0
9,40093,0
6,40095,0
6,40097,0
7,40099,0
4,40101,0
6,40103,0
6,40105,0
6,40107,0
1,40109,1
2,40111,1
2,40113,1
6,40115,0
2,40117,1
4,40119,0
5,40121,0
7,40123,0
4,40125,0
9,40127,0
9,40129,0
2,40131,1
7,40133,0
2,40135,1
4,40137,0
7,40139,0
6,40141,0
2,40143,1
2,40145,1
4,40147,0
7,40149,0
7,40151,0
7,40153,0
7,41001,0
3,41003,1
1,41005,1
4,41007,0
1,41009,1
5,41011,0
6,41013,0
7,41015,0
3,41017,1
4,41019,0
9,41021,0
9,41023,0
7,41025,0
6,41027,0
3,41029,1
6,41031,0
3,41033,1
5,41035,0
7,41037,0
2,41039,1
5,41041,0
3,41043,1
6,41045,0
2,41047,1
6,41049,0
1,41051,1
2,41053,1
9,41055,0
6,41057,0
4,41059,0
7,41061,0
9,41063,0
6,41065,0
1,41067,1
9,41069,0
1,41071,1
3,42001,1
1,42003,1
1,42005,1
1,42007,1
6,42009,0
2,42011,1
3,42013,1
6,42015,0
1,42017,1
1,42019,1
3,42021,1
7,42023,0
2,42025,1
3,42027,1
1,42029,1
6,42031,0
4,42033,0
4,42035,0
3,42037,1
4,42039,0
2,42041,1
2,42043,1
1,42045,1
7,42047,0
2,42049,1
1,42051,1
9,42053,0
3,42055,1
8,42057,0
6,42059,0
6,42061,0
4,42063,0
7,42065,0
6,42067,0
2,42069,1
2,42071,1
4,42073,0
3,42075,1
2,42077,1
2,42079,1
3,42081,1
7,42083,0
2,42085,1
4,42087,0
3,42089,1
1,42091,1
3,42093,1
2,42095,1
4,42097,0
2,42099,1
1,42101,1
1,42103,1
9,42105,0
4,42107,0
7,42109,0
4,42111,0
8,42113,0
6,42115,0
6,42117,0
4,42119,0
4,42121,0
6,42123,0
1,42125,1
6,42127,0
1,42129,1
2,42131,1
2,42133,1
1,44001,1
1,44003,1
1,44005,1
1,44007,1
1,44009,1
6,45001,0
2,45003,1
6,45005,0
2,45007,1
7,45009,0
6,45011,0
3,45013,1
2,45015,1
2,45017,1
2,45019,1
4,45021,0
1,45023,1
6,45025,0
6,45027,0
6,45029,0
3,45031,1
6,45033,0
2,45035,1
2,45037,1
2,45039,1
3,45041,1
4,45043,0
2,45045,1
4,45047,0
6,45049,0
2,45051,1
3,45053,1
2,45055,1
1,45057,1
2,45059,1
6,45061,0
2,45063,1
8,45065,0
6,45067,0
6,45069,0
6,45071,0
4,45073,0
4,45075,0
2,45077,1
2,45079,1
2,45081,1
2,45083,1
3,45085,1
2,45087,1
6,45089,0
1,45091,1
9,46003,0
7,46005,0
9,46007,0
9,46009,0
5,46011,0
5,46013,0
9,46015,0
9,46017,0
6,46019,0
9,46021,0
9,46023,0
9,46025,0
6,46027,0
5,46029,0
9,46031,0
3,46033,1
7,46035,0
9,46037,0
9,46039,0
9,46041,0
9,46043,0
9,46045,0
6,46047,0
9,46049,0
7,46051,0
9,46053,0
8,46055,0
9,46057,0
9,46059,0
8,46061,0
9,46063,0
7,46065,0
8,46067,0
9,46069,0
8,46071,0
9,46073,0
9,46075,0
9,46077,0
6,46079,0
6,46081,0
3,46083,1
9,46085,0
3,46087,1
9,46089,0
9,46091,0
3,46093,1
9,46095,0
8,46097,0
3,46099,1
8,46101,0
3,46103,1
8,46105,0
9,46107,0
9,46109,0
9,46111,0
6,46113,0
9,46115,0
9,46117,0
9,46119,0
9,46121,0
7,46123,0
3,46125,1
3,46127,1
7,46129,0
7,46135,0
8,46137,0
2,47001,1
4,47003,0
7,47005,0
8,47007,0
2,47009,1
3,47011,1
2,47013,1
1,47015,1
6,47017,0
3,47019,1
1,47021,1
3,47023,1
6,47025,0
9,47027,0
6,47029,0
4,47031,0
3,47033,1
4,47035,0
1,47037,1
9,47039,0
6,47041,0
1,47043,1
5,47045,0
1,47047,1
9,47049,0
6,47051,0
4,47053,0
6,47055,0
2,47057,1
4,47059,0
8,47061,0
3,47063,1
2,47065,1
8,47067,0
6,47069,0
6,47071,0
2,47073,1
6,47075,0
6,47077,0
7,47079,0
1,47081,1
8,47083,0
6,47085,0
8,47087,0
3,47089,1
6,47091,0
2,47093,1
9,47095,0
6,47097,0
6,47099,0
6,47101,0
6,47103,0
2,47105,1
4,47107,0
6,47109,0
1,47111,1
3,47113,1
2,47115,1
6,47117,0
1,47119,1
8,47121,0
6,47123,0
2,47125,1
9,47127,0
2,47129,1
7,47131,0
7,47133,0
8,47135,0
9,47137,0
3,47139,1
4,47141,0
6,47143,0
2,47145,1
1,47147,1
1,47149,1
6,47151,0
2,47153,1
4,47155,0
1,47157,1
1,47159,1
8,47161,0
2,47163,1
1,47165,1
1,47167,1
1,47169,1
3,47171,1
2,47173,1
9,47175,0
6,47177,0
3,47179,1
8,47181,0
7,47183,0
7,47185,0
1,47187,1
1,47189,1
7,48001,0
6,48003,0
5,48005,0
2,48007,1
3,48009,1
2,48011,1
1,48013,1
1,48015,1
7,48017,0
1,48019,1
1,48021,1
8,48023,0
6,48025,0
2,48027,1
1,48029,1
8,48031,0
8,48033,0
6,48035,0
3,48037,1
1,48039,1
3,48041,1
7,48043,0
9,48045,0
7,48047,0
5,48049,0
3,48051,1
6,48053,0
1,48055,1
6,48057,0
3,48059,1
2,48061,1
6,48063,0
2,48065,1
6,48067,0
6,48069,0
1,48071,1
6,48073,0
7,48075,0
3,48077,1
9,48079,0
8,48081,0
6,48083,0
1,48085,1
9,48087,0
6,48089,0
1,48091,1
7,48093,0
8,48095,0
6,48097,0
2,48099,1
9,48101,0
6,48103,0
7,48105,0
2,48107,1
9,48109,0
7,48111,0
1,48113,1
7,48115,0
6,48117,0
8,48119,0
1,48121,1
6,48123,0
8,48125,0
6,48127,0
8,48129,0
7,48131,0
6,48133,0
3,48135,1
9,48137,0
1,48139,1
2,48141,1
4,48143,0
2,48145,1
6,48147,0
6,48149,0
8,48151,0
6,48153,0
9,48155,0
1,48157,1
7,48159,0
7,48161,0
6,48163,0
7,48165,0
1,48167,1
6,48169,0
7,48171,0
8,48173,0
3,48175,1
6,48177,0
6,48179,0
3,48181,1
3,48183,1
6,48185,0
1,48187,1
4,48189,0
9,48191,0
6,48193,0
7,48195,0
9,48197,0
2,48199,1
1,48201,1
4,48203,0
7,48205,0
6,48207,0
1,48209,1
7,48211,0
4,48213,0
2,48215,1
6,48217,0
6,48219,0
1,48221,1
6,48223,0
7,48225,0
4,48227,0
2,48229,1
1,48231,1
6,48233,0
3,48235,1
6,48237,0
6,48239,0
6,48241,0
9,48243,0
2,48245,1
6,48247,0
4,48249,0
1,48251,1
3,48253,1
6,48255,0
1,48257,1
1,48259,1
9,48261,0
9,48263,0
4,48265,0
7,48267,0
9,48269,0
7,48271,0
4,48273,0
9,48275,0
5,48277,0
6,48279,0
2,48281,1
6,48283,0
6,48285,0
6,48287,0
8,48289,0
1,48291,1
6,48293,0
9,48295,0
8,48297,0
7,48299,0
9,48301,0
2,48303,1
2,48305,1
7,48307,0
2,48309,1
9,48311,0
6,48313,0
8,48315,0
3,48317,1
9,48319,0
4,48321,0
5,48323,0
1,48325,1
9,48327,0
3,48329,1
6,48331,0
9,48333,0
7,48335,0
6,48337,0
1,48339,1
7,48341,0
6,48343,0
9,48345,0
5,48347,0
4,48349,0
2,48351,1
6,48353,0
2,48355,1
7,48357,0
2,48359,1
2,48361,1
6,48363,0
6,48365,0
1,48367,1
7,48369,0
7,48371,0
6,48373,0
2,48375,1
7,48377,0
8,48379,0
2,48381,1
6,48383,0
9,48385,0
6,48387,0
7,48389,0
6,48391,0
9,48393,0
3,48395,1
1,48397,1
6,48399,0
3,48401,1
8,48403,0
9,48405,0
8,48407,0
2,48409,1
7,48411,0
8,48413,0
7,48415,0
8,48417,0
7,48419,0
9,48421,0
3,48423,1
1,48425,1
4,48427,0
7,48429,0
8,48431,0
9,48433,0
7,48435,0
6,48437,0
1,48439,1
3,48441,1
9,48443,0
6,48445,0
9,48447,0
7,48449,0
3,48451,1
1,48453,1
7,48455,0
6,48457,0
3,48459,1
8,48461,0
6,48463,0
5,48465,0
6,48467,0
3,48469,1
4,48471,0
1,48473,1
6,48475,0
6,48477,0
2,48479,1
4,48481,0
9,48483,0
3,48485,1
6,48487,0
6,48489,0
1,48491,1
1,48493,1
6,48495,0
1,48497,1
6,48499,0
7,48501,0
7,48503,0
6,48505,0
7,48507,0
7,49001,0
2,49003,1
3,49005,1
7,49007,0
9,49009,0
2,49011,1
7,49013,0
7,49015,0
9,49017,0
7,49019,0
4,49021,0
2,49023,1
6,49025,0
7,49027,0
2,49029,1
9,49031,0
8,49033,0
1,49035,1
7,49037,0
6,49039,0
7,49041,0
4,49043,0
1,49045,1
7,49047,0
2,49049,1
6,49051,0
3,49053,1
9,49055,0
2,49057,1
6,50001,0
6,50003,0
7,50005,0
3,50007,1
9,50009,0
3,50011,1
3,50013,1
8,50015,0
9,50017,0
7,50019,0
4,50021,0
4,50023,0
7,50025,0
7,50027,0
8,51001,0
3,51003,1
6,51005,0
1,51007,1
2,51009,1
2,51011,1
1,51013,1
3,51015,1
8,51017,0
2,51019,1
8,51021,0
2,51023,1
6,51025,0
9,51027,0
3,51029,1
2,51031,1
1,51033,1
7,51035,0
1,51036,1
8,51037,0
1,51041,1
1,51043,1
2,51045,1
1,51047,1
8,51049,0
9,51051,0
1,51053,1
6,51057,0
1,51059,1
1,51061,1
3,51063,1
3,51065,1
2,51067,1
3,51069,1
3,51071,1
1,51073,1
1,51075,1
9,51077,0
3,51079,1
6,51081,0
6,51083,0
1,51085,1
1,51087,1
4,51089,0
8,51091,0
1,51093,1
1,51095,1
8,51097,0
6,51099,0
1,51101,1
9,51103,0
8,51105,0
1,51107,1
8,51109,0
9,51111,0
8,51113,0
1,51115,1
7,51117,0
8,51119,0
3,51121,1
3,51125,1
1,51127,1
8,51131,0
9,51133,0
6,51135,0
6,51137,0
6,51139,0
8,51141,0
4,51143,0
1,51145,1
6,51147,0
1,51149,1
1,51153,1
3,51155,1
1,51157,1
9,51159,0
2,51161,1
6,51163,0
3,51165,1
7,51167,0
2,51169,1
6,51171,0
7,51173,0
6,51175,0
1,51177,1
1,51179,1
8,51181,0
1,51183,1
5,51185,0
1,51187,1
2,51191,1
6,51193,0
7,51195,0
6,51197,0
1,51199,1
1,51510,1
2,51515,1
2,51520,1
6,51530,0
3,51540,1
1,51550,1
1,51570,1
6,51580,0
4,51590,0
6,51595,0
1,51600,1
1,51610,1
6,51620,0
1,51630,1
7,51640,0
1,51650,1
3,51660,1
1,51670,1
6,51678,0
2,51680,1
1,51683,1
1,51685,1
4,51690,0
1,51700,1
1,51710,1
7,51720,0
1,51730,1
1,51735,1
1,51740,1
3,51750,1
1,51760,1
2,51770,1
2,51775,1
3,51790,1
1,51800,1
1,51810,1
3,51820,1
1,51830,1
3,51840,1
6,53001,0
3,53003,1
2,53005,1
3,53007,1
5,53009,0
1,53011,1
3,53013,1
3,53015,1
3,53017,1
9,53019,0
2,53021,1
8,53023,0
5,53025,0
4,53027,0
4,53029,0
6,53031,0
1,53033,1
2,53035,1
4,53037,0
6,53039,0
4,53041,0
8,53043,0
4,53045,0
6,53047,0
7,53049,0
2,53051,1
1,53053,1
9,53055,0
3,53057,1
1,53059,1
1,53061,1
2,53063,1
2,53065,1
2,53067,1
8,53069,0
3,53071,1
3,53073,1
4,53075,0
3,53077,1
6,54001,0
2,54003,1
3,54005,1
8,54007,0
3,54009,1
2,54011,1
8,54013,0
3,54015,1
9,54017,0
3,54019,1
7,54021,0
7,54023,0
6,54025,0
3,54027,1
3,54029,1
6,54031,0
5,54033,0
6,54035,0
1,54037,1
3,54039,1
7,54041,0
2,54043,1
6,54045,0
7,54047,0
4,54049,0
3,54051,1
6,54053,0
4,54055,0
3,54057,1
7,54059,0
3,54061,1
8,54063,0
8,54065,0
6,54067,0
3,54069,1
8,54071,0
6,54073,0
9,54075,0
3,54077,1
2,54079,1
3,54081,1
7,54083,0
8,54085,0
6,54087,0
6,54089,0
6,54091,0
8,54093,0
9,54095,0
7,54097,0
2,54099,1
9,54101,0
6,54103,0
3,54105,1
3,54107,1
6,54109,0
8,55001,0
7,55003,0
6,55005,0
8,55007,0
2,55009,1
8,55011,0
8,55013,0
3,55015,1
3,55017,1
6,55019,0
2,55021,1
7,55023,0
2,55025,1
4,55027,0
6,55029,0
2,55031,1
6,55033,0
3,55035,1
9,55037,0
3,55039,1
9,55041,0
6,55043,0
2,55045,1
6,55047,0
2,55049,1
9,55051,0
6,55053,0
4,55055,0
7,55057,0
1,55059,1
2,55061,1
3,55063,1
8,55065,0
6,55067,0
6,55069,0
4,55071,0
3,55073,1
6,55075,0
8,55077,0
8,55078,0
1,55079,1
6,55081,0
2,55083,1
7,55085,0
3,55087,1
1,55089,1
8,55091,0
1,55093,1
6,55095,0
4,55097,0
9,55099,0
3,55101,1
6,55103,0
3,55105,1
6,55107,0
1,55109,1
4,55111,0
7,55113,0
6,55115,0
3,55117,1
6,55119,0
6,55121,0
6,55123,0
9,55125,0
4,55127,0
7,55129,0
1,55131,1
1,55133,1
6,55135,0
6,55137,0
3,55139,1
4,55141,0
4,56001,0
9,56003,0
5,56005,0
7,56007,0
6,56009,0
9,56011,0
7,56013,0
7,56015,0
7,56017,0
7,56019,0
3,56021,1
7,56023,0
3,56025,1
9,56027,0
7,56029,0
7,56031,0
7,56033,0
9,56035,0
5,56037,0
7,56039,0
7,56041,0
7,56043,0
7,56045,0
5,60010,0
9,60020,0
NA,60030,0
9,60040,0
5,60050,0
5,66010,0
NA,69085,0
9,69100,0
5,69110,0
7,69120,0
6,72001,0
2,72003,1
2,72005,1
1,72007,1
1,72009,1
2,72011,1
3,72013,1
3,72015,1
1,72017,1
1,72019,1
1,72021,1
3,72023,1
1,72025,1
3,72027,1
1,72029,1
1,72031,1
1,72033,1
1,72035,1
1,72037,1
1,72039,1
1,72041,1
4,72043,0
1,72045,1
1,72047,1
9,72049,0
1,72051,1
1,72053,1
1,72054,1
2,72055,1
3,72057,1
2,72059,1
1,72061,1
1,72063,1
3,72065,1
3,72067,1
1,72069,1
2,72071,1
6,72073,0
2,72075,1
1,72077,1
3,72079,1
2,72081,1
6,72083,0
1,72085,1
1,72087,1
1,72089,1
1,72091,1
6,72093,0
1,72095,1
3,72097,1
2,72099,1
1,72101,1
1,72103,1
1,72105,1
1,72107,1
3,72109,1
2,72111,1
2,72113,1
3,72115,1
2,72117,1
1,72119,1
3,72121,1
4,72123,0
3,72125,1
1,72127,1
1,72129,1
2,72131,1
4,72133,0
1,72135,1
1,72137,1
1,72139,1
2,72141,1
1,72143,1
1,72145,1
7,72147,0
2,72149,1
1,72151,1
2,72153,1
5,78010,0
7,78020,0
5,78030,0
